{"world_data": [{"position": [-8, -5, -8], "block_type": "Bedrock"}, {"position": [-8, -4, -8], "block_type": "BrownVoxel"}, {"position": [-8, -3, -8], "block_type": "GroundVoxel"}, {"position": [-7, -5, -8], "block_type": "Bedrock"}, {"position": [-7, -4, -8], "block_type": "BrownVoxel"}, {"position": [-7, -3, -8], "block_type": "GroundVoxel"}, {"position": [-6, -5, -8], "block_type": "Bedrock"}, {"position": [-6, -4, -8], "block_type": "BrownVoxel"}, {"position": [-6, -3, -8], "block_type": "GroundVoxel"}, {"position": [-5, -5, -8], "block_type": "Bedrock"}, {"position": [-5, -4, -8], "block_type": "BrownVoxel"}, {"position": [-5, -3, -8], "block_type": "GroundVoxel"}, {"position": [-4, -5, -8], "block_type": "Bedrock"}, {"position": [-4, -4, -8], "block_type": "BrownVoxel"}, {"position": [-4, -3, -8], "block_type": "GroundVoxel"}, {"position": [-3, -5, -8], "block_type": "Bedrock"}, {"position": [-3, -4, -8], "block_type": "BrownVoxel"}, {"position": [-3, -3, -8], "block_type": "GroundVoxel"}, {"position": [-2, -5, -8], "block_type": "Bedrock"}, {"position": [-2, -4, -8], "block_type": "BrownVoxel"}, {"position": [-2, -3, -8], "block_type": "GroundVoxel"}, {"position": [-1, -5, -8], "block_type": "Bedrock"}, {"position": [-1, -4, -8], "block_type": "BrownVoxel"}, {"position": [-1, -3, -8], "block_type": "GroundVoxel"}, {"position": [0, -5, -8], "block_type": "Bedrock"}, {"position": [0, -4, -8], "block_type": "BrownVoxel"}, {"position": [0, -3, -8], "block_type": "BrownVoxel"}, {"position": [0, -2, -8], "block_type": "GroundVoxel"}, {"position": [1, -5, -8], "block_type": "Bedrock"}, {"position": [1, -4, -8], "block_type": "BrownVoxel"}, {"position": [1, -3, -8], "block_type": "BrownVoxel"}, {"position": [1, -2, -8], "block_type": "GroundVoxel"}, {"position": [2, -5, -8], "block_type": "Bedrock"}, {"position": [2, -4, -8], "block_type": "BrownVoxel"}, {"position": [2, -3, -8], "block_type": "BrownVoxel"}, {"position": [2, -2, -8], "block_type": "GroundVoxel"}, {"position": [3, -5, -8], "block_type": "Bedrock"}, {"position": [3, -4, -8], "block_type": "BrownVoxel"}, {"position": [3, -3, -8], "block_type": "BrownVoxel"}, {"position": [3, -2, -8], "block_type": "GroundVoxel"}, {"position": [4, -5, -8], "block_type": "Bedrock"}, {"position": [4, -4, -8], "block_type": "Voxel"}, {"position": [4, -3, -8], "block_type": "BrownVoxel"}, {"position": [4, -2, -8], "block_type": "BrownVoxel"}, {"position": [4, -1, -8], "block_type": "GroundVoxel"}, {"position": [5, -5, -8], "block_type": "Bedrock"}, {"position": [5, -4, -8], "block_type": "Voxel"}, {"position": [5, -3, -8], "block_type": "BrownVoxel"}, {"position": [5, -2, -8], "block_type": "BrownVoxel"}, {"position": [5, -1, -8], "block_type": "GroundVoxel"}, {"position": [6, -5, -8], "block_type": "Bedrock"}, {"position": [6, -4, -8], "block_type": "Voxel"}, {"position": [6, -3, -8], "block_type": "BrownVoxel"}, {"position": [6, -2, -8], "block_type": "BrownVoxel"}, {"position": [6, -1, -8], "block_type": "GroundVoxel"}, {"position": [7, -5, -8], "block_type": "Bedrock"}, {"position": [7, -4, -8], "block_type": "Voxel"}, {"position": [7, -3, -8], "block_type": "Voxel"}, {"position": [7, -2, -8], "block_type": "BrownVoxel"}, {"position": [7, -1, -8], "block_type": "BrownVoxel"}, {"position": [7, 0, -8], "block_type": "GroundVoxel"}, {"position": [-8, -5, -7], "block_type": "Bedrock"}, {"position": [-8, -4, -7], "block_type": "BrownVoxel"}, {"position": [-8, -3, -7], "block_type": "GroundVoxel"}, {"position": [-7, -5, -7], "block_type": "Bedrock"}, {"position": [-7, -4, -7], "block_type": "BrownVoxel"}, {"position": [-7, -3, -7], "block_type": "GroundVoxel"}, {"position": [-6, -5, -7], "block_type": "Bedrock"}, {"position": [-6, -4, -7], "block_type": "BrownVoxel"}, {"position": [-6, -3, -7], "block_type": "GroundVoxel"}, {"position": [-5, -5, -7], "block_type": "Bedrock"}, {"position": [-5, -4, -7], "block_type": "BrownVoxel"}, {"position": [-5, -3, -7], "block_type": "GroundVoxel"}, {"position": [-4, -5, -7], "block_type": "Bedrock"}, {"position": [-4, -4, -7], "block_type": "BrownVoxel"}, {"position": [-4, -3, -7], "block_type": "GroundVoxel"}, {"position": [-3, -5, -7], "block_type": "Bedrock"}, {"position": [-3, -4, -7], "block_type": "BrownVoxel"}, {"position": [-3, -3, -7], "block_type": "GroundVoxel"}, {"position": [-2, -5, -7], "block_type": "Bedrock"}, {"position": [-2, -4, -7], "block_type": "BrownVoxel"}, {"position": [-2, -3, -7], "block_type": "GroundVoxel"}, {"position": [-1, -5, -7], "block_type": "Bedrock"}, {"position": [-1, -4, -7], "block_type": "BrownVoxel"}, {"position": [-1, -3, -7], "block_type": "BrownVoxel"}, {"position": [-1, -2, -7], "block_type": "GroundVoxel"}, {"position": [0, -5, -7], "block_type": "Bedrock"}, {"position": [0, -4, -7], "block_type": "BrownVoxel"}, {"position": [0, -3, -7], "block_type": "BrownVoxel"}, {"position": [0, -2, -7], "block_type": "GroundVoxel"}, {"position": [1, -5, -7], "block_type": "Bedrock"}, {"position": [1, -4, -7], "block_type": "BrownVoxel"}, {"position": [1, -3, -7], "block_type": "BrownVoxel"}, {"position": [1, -2, -7], "block_type": "GroundVoxel"}, {"position": [2, -5, -7], "block_type": "Bedrock"}, {"position": [2, -4, -7], "block_type": "BrownVoxel"}, {"position": [2, -3, -7], "block_type": "BrownVoxel"}, {"position": [2, -2, -7], "block_type": "GroundVoxel"}, {"position": [3, -5, -7], "block_type": "Bedrock"}, {"position": [3, -4, -7], "block_type": "BrownVoxel"}, {"position": [3, -3, -7], "block_type": "BrownVoxel"}, {"position": [3, -2, -7], "block_type": "GroundVoxel"}, {"position": [4, -5, -7], "block_type": "Bedrock"}, {"position": [4, -4, -7], "block_type": "BrownVoxel"}, {"position": [4, -3, -7], "block_type": "BrownVoxel"}, {"position": [4, -2, -7], "block_type": "GroundVoxel"}, {"position": [5, -5, -7], "block_type": "Bedrock"}, {"position": [5, -4, -7], "block_type": "Voxel"}, {"position": [5, -3, -7], "block_type": "BrownVoxel"}, {"position": [5, -2, -7], "block_type": "BrownVoxel"}, {"position": [5, -1, -7], "block_type": "GroundVoxel"}, {"position": [6, -5, -7], "block_type": "Bedrock"}, {"position": [6, -4, -7], "block_type": "Voxel"}, {"position": [6, -3, -7], "block_type": "BrownVoxel"}, {"position": [6, -2, -7], "block_type": "BrownVoxel"}, {"position": [6, -1, -7], "block_type": "GroundVoxel"}, {"position": [7, -5, -7], "block_type": "Bedrock"}, {"position": [7, -4, -7], "block_type": "Voxel"}, {"position": [7, -3, -7], "block_type": "BrownVoxel"}, {"position": [7, -2, -7], "block_type": "BrownVoxel"}, {"position": [7, -1, -7], "block_type": "GroundVoxel"}, {"position": [-8, -5, -6], "block_type": "Bedrock"}, {"position": [-8, -4, -6], "block_type": "BrownVoxel"}, {"position": [-8, -3, -6], "block_type": "GroundVoxel"}, {"position": [-7, -5, -6], "block_type": "Bedrock"}, {"position": [-7, -4, -6], "block_type": "BrownVoxel"}, {"position": [-7, -3, -6], "block_type": "GroundVoxel"}, {"position": [-6, -5, -6], "block_type": "Bedrock"}, {"position": [-6, -4, -6], "block_type": "BrownVoxel"}, {"position": [-6, -3, -6], "block_type": "GroundVoxel"}, {"position": [-5, -5, -6], "block_type": "Bedrock"}, {"position": [-5, -4, -6], "block_type": "BrownVoxel"}, {"position": [-5, -3, -6], "block_type": "BrownVoxel"}, {"position": [-5, -2, -6], "block_type": "GroundVoxel"}, {"position": [-4, -5, -6], "block_type": "Bedrock"}, {"position": [-4, -4, -6], "block_type": "BrownVoxel"}, {"position": [-4, -3, -6], "block_type": "BrownVoxel"}, {"position": [-4, -2, -6], "block_type": "GroundVoxel"}, {"position": [-3, -5, -6], "block_type": "Bedrock"}, {"position": [-3, -4, -6], "block_type": "BrownVoxel"}, {"position": [-3, -3, -6], "block_type": "BrownVoxel"}, {"position": [-3, -2, -6], "block_type": "GroundVoxel"}, {"position": [-2, -5, -6], "block_type": "Bedrock"}, {"position": [-2, -4, -6], "block_type": "BrownVoxel"}, {"position": [-2, -3, -6], "block_type": "BrownVoxel"}, {"position": [-2, -2, -6], "block_type": "GroundVoxel"}, {"position": [-1, -5, -6], "block_type": "Bedrock"}, {"position": [-1, -4, -6], "block_type": "BrownVoxel"}, {"position": [-1, -3, -6], "block_type": "BrownVoxel"}, {"position": [-1, -2, -6], "block_type": "GroundVoxel"}, {"position": [0, -5, -6], "block_type": "Bedrock"}, {"position": [0, -4, -6], "block_type": "BrownVoxel"}, {"position": [0, -3, -6], "block_type": "BrownVoxel"}, {"position": [0, -2, -6], "block_type": "GroundVoxel"}, {"position": [1, -5, -6], "block_type": "Bedrock"}, {"position": [1, -4, -6], "block_type": "BrownVoxel"}, {"position": [1, -3, -6], "block_type": "BrownVoxel"}, {"position": [1, -2, -6], "block_type": "GroundVoxel"}, {"position": [2, -5, -6], "block_type": "Bedrock"}, {"position": [2, -4, -6], "block_type": "BrownVoxel"}, {"position": [2, -3, -6], "block_type": "BrownVoxel"}, {"position": [2, -2, -6], "block_type": "GroundVoxel"}, {"position": [3, -5, -6], "block_type": "Bedrock"}, {"position": [3, -4, -6], "block_type": "BrownVoxel"}, {"position": [3, -3, -6], "block_type": "BrownVoxel"}, {"position": [3, -2, -6], "block_type": "GroundVoxel"}, {"position": [4, -5, -6], "block_type": "Bedrock"}, {"position": [4, -4, -6], "block_type": "BrownVoxel"}, {"position": [4, -3, -6], "block_type": "BrownVoxel"}, {"position": [4, -2, -6], "block_type": "GroundVoxel"}, {"position": [5, -5, -6], "block_type": "Bedrock"}, {"position": [5, -4, -6], "block_type": "Voxel"}, {"position": [5, -3, -6], "block_type": "BrownVoxel"}, {"position": [5, -2, -6], "block_type": "BrownVoxel"}, {"position": [5, -1, -6], "block_type": "GroundVoxel"}, {"position": [6, -5, -6], "block_type": "Bedrock"}, {"position": [6, -4, -6], "block_type": "Voxel"}, {"position": [6, -3, -6], "block_type": "BrownVoxel"}, {"position": [6, -2, -6], "block_type": "BrownVoxel"}, {"position": [6, -1, -6], "block_type": "GroundVoxel"}, {"position": [7, -5, -6], "block_type": "Bedrock"}, {"position": [7, -4, -6], "block_type": "Voxel"}, {"position": [7, -3, -6], "block_type": "BrownVoxel"}, {"position": [7, -2, -6], "block_type": "BrownVoxel"}, {"position": [7, -1, -6], "block_type": "GroundVoxel"}, {"position": [-8, -5, -5], "block_type": "Bedrock"}, {"position": [-8, -4, -5], "block_type": "BrownVoxel"}, {"position": [-8, -3, -5], "block_type": "BrownVoxel"}, {"position": [-8, -2, -5], "block_type": "GroundVoxel"}, {"position": [-7, -5, -5], "block_type": "Bedrock"}, {"position": [-7, -4, -5], "block_type": "BrownVoxel"}, {"position": [-7, -3, -5], "block_type": "BrownVoxel"}, {"position": [-7, -2, -5], "block_type": "GroundVoxel"}, {"position": [-6, -5, -5], "block_type": "Bedrock"}, {"position": [-6, -4, -5], "block_type": "BrownVoxel"}, {"position": [-6, -3, -5], "block_type": "BrownVoxel"}, {"position": [-6, -2, -5], "block_type": "GroundVoxel"}, {"position": [-5, -5, -5], "block_type": "Bedrock"}, {"position": [-5, -4, -5], "block_type": "BrownVoxel"}, {"position": [-5, -3, -5], "block_type": "BrownVoxel"}, {"position": [-5, -2, -5], "block_type": "GroundVoxel"}, {"position": [-4, -5, -5], "block_type": "Bedrock"}, {"position": [-4, -4, -5], "block_type": "BrownVoxel"}, {"position": [-4, -3, -5], "block_type": "BrownVoxel"}, {"position": [-4, -2, -5], "block_type": "GroundVoxel"}, {"position": [-3, -5, -5], "block_type": "Bedrock"}, {"position": [-3, -4, -5], "block_type": "BrownVoxel"}, {"position": [-3, -3, -5], "block_type": "BrownVoxel"}, {"position": [-3, -2, -5], "block_type": "GroundVoxel"}, {"position": [-2, -5, -5], "block_type": "Bedrock"}, {"position": [-2, -4, -5], "block_type": "BrownVoxel"}, {"position": [-2, -3, -5], "block_type": "BrownVoxel"}, {"position": [-2, -2, -5], "block_type": "GroundVoxel"}, {"position": [-1, -5, -5], "block_type": "Bedrock"}, {"position": [-1, -4, -5], "block_type": "BrownVoxel"}, {"position": [-1, -3, -5], "block_type": "BrownVoxel"}, {"position": [-1, -2, -5], "block_type": "GroundVoxel"}, {"position": [0, -5, -5], "block_type": "Bedrock"}, {"position": [0, -4, -5], "block_type": "BrownVoxel"}, {"position": [0, -3, -5], "block_type": "BrownVoxel"}, {"position": [0, -2, -5], "block_type": "GroundVoxel"}, {"position": [1, -5, -5], "block_type": "Bedrock"}, {"position": [1, -4, -5], "block_type": "BrownVoxel"}, {"position": [1, -3, -5], "block_type": "BrownVoxel"}, {"position": [1, -2, -5], "block_type": "GroundVoxel"}, {"position": [2, -5, -5], "block_type": "Bedrock"}, {"position": [2, -4, -5], "block_type": "BrownVoxel"}, {"position": [2, -3, -5], "block_type": "BrownVoxel"}, {"position": [2, -2, -5], "block_type": "GroundVoxel"}, {"position": [3, -5, -5], "block_type": "Bedrock"}, {"position": [3, -4, -5], "block_type": "BrownVoxel"}, {"position": [3, -3, -5], "block_type": "BrownVoxel"}, {"position": [3, -2, -5], "block_type": "GroundVoxel"}, {"position": [4, -5, -5], "block_type": "Bedrock"}, {"position": [4, -4, -5], "block_type": "BrownVoxel"}, {"position": [4, -3, -5], "block_type": "BrownVoxel"}, {"position": [4, -2, -5], "block_type": "GroundVoxel"}, {"position": [5, -5, -5], "block_type": "Bedrock"}, {"position": [5, -4, -5], "block_type": "CoalOreVoxel"}, {"position": [5, -3, -5], "block_type": "BrownVoxel"}, {"position": [5, -2, -5], "block_type": "BrownVoxel"}, {"position": [5, -1, -5], "block_type": "GroundVoxel"}, {"position": [6, -5, -5], "block_type": "Bedrock"}, {"position": [6, -4, -5], "block_type": "Voxel"}, {"position": [6, -3, -5], "block_type": "BrownVoxel"}, {"position": [6, -2, -5], "block_type": "BrownVoxel"}, {"position": [6, -1, -5], "block_type": "GroundVoxel"}, {"position": [7, -5, -5], "block_type": "Bedrock"}, {"position": [7, -4, -5], "block_type": "Voxel"}, {"position": [7, -3, -5], "block_type": "BrownVoxel"}, {"position": [7, -2, -5], "block_type": "BrownVoxel"}, {"position": [7, -1, -5], "block_type": "GroundVoxel"}, {"position": [-8, -5, -4], "block_type": "Bedrock"}, {"position": [-8, -4, -4], "block_type": "BrownVoxel"}, {"position": [-8, -3, -4], "block_type": "BrownVoxel"}, {"position": [-8, -2, -4], "block_type": "GroundVoxel"}, {"position": [-7, -5, -4], "block_type": "Bedrock"}, {"position": [-7, -4, -4], "block_type": "BrownVoxel"}, {"position": [-7, -3, -4], "block_type": "BrownVoxel"}, {"position": [-7, -2, -4], "block_type": "GroundVoxel"}, {"position": [-6, -5, -4], "block_type": "Bedrock"}, {"position": [-6, -4, -4], "block_type": "BrownVoxel"}, {"position": [-6, -3, -4], "block_type": "BrownVoxel"}, {"position": [-6, -2, -4], "block_type": "GroundVoxel"}, {"position": [-5, -5, -4], "block_type": "Bedrock"}, {"position": [-5, -4, -4], "block_type": "BrownVoxel"}, {"position": [-5, -3, -4], "block_type": "BrownVoxel"}, {"position": [-5, -2, -4], "block_type": "GroundVoxel"}, {"position": [-4, -5, -4], "block_type": "Bedrock"}, {"position": [-4, -4, -4], "block_type": "BrownVoxel"}, {"position": [-4, -3, -4], "block_type": "BrownVoxel"}, {"position": [-4, -2, -4], "block_type": "GroundVoxel"}, {"position": [-3, -5, -4], "block_type": "Bedrock"}, {"position": [-3, -4, -4], "block_type": "BrownVoxel"}, {"position": [-3, -3, -4], "block_type": "BrownVoxel"}, {"position": [-3, -2, -4], "block_type": "GroundVoxel"}, {"position": [-2, -5, -4], "block_type": "Bedrock"}, {"position": [-2, -4, -4], "block_type": "BrownVoxel"}, {"position": [-2, -3, -4], "block_type": "BrownVoxel"}, {"position": [-2, -2, -4], "block_type": "GroundVoxel"}, {"position": [-1, -5, -4], "block_type": "Bedrock"}, {"position": [-1, -4, -4], "block_type": "BrownVoxel"}, {"position": [-1, -3, -4], "block_type": "BrownVoxel"}, {"position": [-1, -2, -4], "block_type": "GroundVoxel"}, {"position": [0, -5, -4], "block_type": "Bedrock"}, {"position": [0, -4, -4], "block_type": "Voxel"}, {"position": [0, -3, -4], "block_type": "BrownVoxel"}, {"position": [0, -2, -4], "block_type": "BrownVoxel"}, {"position": [0, -1, -4], "block_type": "GroundVoxel"}, {"position": [1, -5, -4], "block_type": "Bedrock"}, {"position": [1, -4, -4], "block_type": "Voxel"}, {"position": [1, -3, -4], "block_type": "BrownVoxel"}, {"position": [1, -2, -4], "block_type": "BrownVoxel"}, {"position": [1, -1, -4], "block_type": "GroundVoxel"}, {"position": [2, -5, -4], "block_type": "Bedrock"}, {"position": [2, -4, -4], "block_type": "Voxel"}, {"position": [2, -3, -4], "block_type": "BrownVoxel"}, {"position": [2, -2, -4], "block_type": "BrownVoxel"}, {"position": [2, -1, -4], "block_type": "GroundVoxel"}, {"position": [3, -5, -4], "block_type": "Bedrock"}, {"position": [3, -4, -4], "block_type": "Voxel"}, {"position": [3, -3, -4], "block_type": "BrownVoxel"}, {"position": [3, -2, -4], "block_type": "BrownVoxel"}, {"position": [3, -1, -4], "block_type": "GroundVoxel"}, {"position": [4, -5, -4], "block_type": "Bedrock"}, {"position": [4, -4, -4], "block_type": "Voxel"}, {"position": [4, -3, -4], "block_type": "BrownVoxel"}, {"position": [4, -2, -4], "block_type": "BrownVoxel"}, {"position": [4, -1, -4], "block_type": "GroundVoxel"}, {"position": [5, -5, -4], "block_type": "Bedrock"}, {"position": [5, -4, -4], "block_type": "Voxel"}, {"position": [5, -3, -4], "block_type": "BrownVoxel"}, {"position": [5, -2, -4], "block_type": "BrownVoxel"}, {"position": [5, -1, -4], "block_type": "GroundVoxel"}, {"position": [6, -5, -4], "block_type": "Bedrock"}, {"position": [6, -4, -4], "block_type": "Voxel"}, {"position": [6, -3, -4], "block_type": "BrownVoxel"}, {"position": [6, -2, -4], "block_type": "BrownVoxel"}, {"position": [6, -1, -4], "block_type": "GroundVoxel"}, {"position": [7, -5, -4], "block_type": "Bedrock"}, {"position": [7, -4, -4], "block_type": "Voxel"}, {"position": [7, -3, -4], "block_type": "BrownVoxel"}, {"position": [7, -2, -4], "block_type": "BrownVoxel"}, {"position": [7, -1, -4], "block_type": "GroundVoxel"}, {"position": [-8, -5, -3], "block_type": "Bedrock"}, {"position": [-8, -4, -3], "block_type": "Voxel"}, {"position": [-8, -3, -3], "block_type": "BrownVoxel"}, {"position": [-8, -2, -3], "block_type": "BrownVoxel"}, {"position": [-8, -1, -3], "block_type": "GroundVoxel"}, {"position": [-7, -5, -3], "block_type": "Bedrock"}, {"position": [-7, -4, -3], "block_type": "Voxel"}, {"position": [-7, -3, -3], "block_type": "BrownVoxel"}, {"position": [-7, -2, -3], "block_type": "BrownVoxel"}, {"position": [-7, -1, -3], "block_type": "GroundVoxel"}, {"position": [-6, -5, -3], "block_type": "Bedrock"}, {"position": [-6, -4, -3], "block_type": "CoalOreVoxel"}, {"position": [-6, -3, -3], "block_type": "BrownVoxel"}, {"position": [-6, -2, -3], "block_type": "BrownVoxel"}, {"position": [-5, -5, -3], "block_type": "Bedrock"}, {"position": [-5, -4, -3], "block_type": "Voxel"}, {"position": [-5, -3, -3], "block_type": "BrownVoxel"}, {"position": [-5, -2, -3], "block_type": "BrownVoxel"}, {"position": [-4, -5, -3], "block_type": "Bedrock"}, {"position": [-4, -4, -3], "block_type": "Voxel"}, {"position": [-4, -3, -3], "block_type": "BrownVoxel"}, {"position": [-4, -2, -3], "block_type": "BrownVoxel"}, {"position": [-4, -1, -3], "block_type": "GroundVoxel"}, {"position": [-3, -5, -3], "block_type": "Bedrock"}, {"position": [-3, -4, -3], "block_type": "Voxel"}, {"position": [-3, -3, -3], "block_type": "BrownVoxel"}, {"position": [-3, -2, -3], "block_type": "BrownVoxel"}, {"position": [-3, -1, -3], "block_type": "GroundVoxel"}, {"position": [-2, -5, -3], "block_type": "Bedrock"}, {"position": [-2, -4, -3], "block_type": "Voxel"}, {"position": [-2, -3, -3], "block_type": "BrownVoxel"}, {"position": [-2, -2, -3], "block_type": "BrownVoxel"}, {"position": [-2, -1, -3], "block_type": "GroundVoxel"}, {"position": [-1, -5, -3], "block_type": "Bedrock"}, {"position": [-1, -4, -3], "block_type": "CoalOreVoxel"}, {"position": [-1, -3, -3], "block_type": "BrownVoxel"}, {"position": [-1, -2, -3], "block_type": "BrownVoxel"}, {"position": [-1, -1, -3], "block_type": "GroundVoxel"}, {"position": [0, -5, -3], "block_type": "Bedrock"}, {"position": [0, -4, -3], "block_type": "Voxel"}, {"position": [0, -3, -3], "block_type": "BrownVoxel"}, {"position": [0, -2, -3], "block_type": "BrownVoxel"}, {"position": [0, -1, -3], "block_type": "GroundVoxel"}, {"position": [1, -5, -3], "block_type": "Bedrock"}, {"position": [1, -4, -3], "block_type": "Voxel"}, {"position": [1, -3, -3], "block_type": "BrownVoxel"}, {"position": [1, -2, -3], "block_type": "BrownVoxel"}, {"position": [1, -1, -3], "block_type": "GroundVoxel"}, {"position": [2, -5, -3], "block_type": "Bedrock"}, {"position": [2, -4, -3], "block_type": "Voxel"}, {"position": [2, -3, -3], "block_type": "BrownVoxel"}, {"position": [2, -2, -3], "block_type": "BrownVoxel"}, {"position": [2, -1, -3], "block_type": "GroundVoxel"}, {"position": [3, -5, -3], "block_type": "Bedrock"}, {"position": [3, -4, -3], "block_type": "Voxel"}, {"position": [3, -3, -3], "block_type": "BrownVoxel"}, {"position": [3, -2, -3], "block_type": "BrownVoxel"}, {"position": [3, -1, -3], "block_type": "GroundVoxel"}, {"position": [4, -5, -3], "block_type": "Bedrock"}, {"position": [4, -4, -3], "block_type": "Voxel"}, {"position": [4, -3, -3], "block_type": "BrownVoxel"}, {"position": [4, -2, -3], "block_type": "BrownVoxel"}, {"position": [4, -1, -3], "block_type": "GroundVoxel"}, {"position": [5, -5, -3], "block_type": "Bedrock"}, {"position": [5, -4, -3], "block_type": "Voxel"}, {"position": [5, -3, -3], "block_type": "BrownVoxel"}, {"position": [5, -2, -3], "block_type": "BrownVoxel"}, {"position": [5, -1, -3], "block_type": "GroundVoxel"}, {"position": [6, -5, -3], "block_type": "Bedrock"}, {"position": [6, -4, -3], "block_type": "Voxel"}, {"position": [6, -3, -3], "block_type": "BrownVoxel"}, {"position": [6, -2, -3], "block_type": "BrownVoxel"}, {"position": [6, -1, -3], "block_type": "GroundVoxel"}, {"position": [7, -5, -3], "block_type": "Bedrock"}, {"position": [7, -4, -3], "block_type": "Voxel"}, {"position": [7, -3, -3], "block_type": "BrownVoxel"}, {"position": [7, -2, -3], "block_type": "BrownVoxel"}, {"position": [7, -1, -3], "block_type": "GroundVoxel"}, {"position": [-8, -5, -2], "block_type": "Bedrock"}, {"position": [-8, -4, -2], "block_type": "Voxel"}, {"position": [-8, -3, -2], "block_type": "BrownVoxel"}, {"position": [-8, -2, -2], "block_type": "BrownVoxel"}, {"position": [-8, -1, -2], "block_type": "GroundVoxel"}, {"position": [-7, -5, -2], "block_type": "Bedrock"}, {"position": [-7, -4, -2], "block_type": "CoalOreVoxel"}, {"position": [-7, -3, -2], "block_type": "BrownVoxel"}, {"position": [-7, -2, -2], "block_type": "BrownVoxel"}, {"position": [-7, -1, -2], "block_type": "GroundVoxel"}, {"position": [-6, -5, -2], "block_type": "Bedrock"}, {"position": [-6, -4, -2], "block_type": "Voxel"}, {"position": [-6, -3, -2], "block_type": "BrownVoxel"}, {"position": [-6, -2, -2], "block_type": "BrownVoxel"}, {"position": [-5, -5, -2], "block_type": "Bedrock"}, {"position": [-5, -4, -2], "block_type": "Voxel"}, {"position": [-5, -3, -2], "block_type": "BrownVoxel"}, {"position": [-5, -2, -2], "block_type": "BrownVoxel"}, {"position": [-4, -5, -2], "block_type": "Bedrock"}, {"position": [-4, -4, -2], "block_type": "Voxel"}, {"position": [-4, -3, -2], "block_type": "BrownVoxel"}, {"position": [-4, -2, -2], "block_type": "BrownVoxel"}, {"position": [-4, -1, -2], "block_type": "GroundVoxel"}, {"position": [-3, -5, -2], "block_type": "Bedrock"}, {"position": [-3, -4, -2], "block_type": "Voxel"}, {"position": [-3, -3, -2], "block_type": "BrownVoxel"}, {"position": [-3, -2, -2], "block_type": "BrownVoxel"}, {"position": [-3, -1, -2], "block_type": "GroundVoxel"}, {"position": [-2, -5, -2], "block_type": "Bedrock"}, {"position": [-2, -4, -2], "block_type": "Voxel"}, {"position": [-2, -3, -2], "block_type": "BrownVoxel"}, {"position": [-2, -2, -2], "block_type": "BrownVoxel"}, {"position": [-2, -1, -2], "block_type": "GroundVoxel"}, {"position": [-1, -5, -2], "block_type": "Bedrock"}, {"position": [-1, -4, -2], "block_type": "Voxel"}, {"position": [-1, -3, -2], "block_type": "BrownVoxel"}, {"position": [-1, -2, -2], "block_type": "BrownVoxel"}, {"position": [-1, -1, -2], "block_type": "GroundVoxel"}, {"position": [0, -5, -2], "block_type": "Bedrock"}, {"position": [0, -4, -2], "block_type": "Voxel"}, {"position": [0, -3, -2], "block_type": "BrownVoxel"}, {"position": [0, -2, -2], "block_type": "BrownVoxel"}, {"position": [0, -1, -2], "block_type": "GroundVoxel"}, {"position": [1, -5, -2], "block_type": "Bedrock"}, {"position": [1, -4, -2], "block_type": "Voxel"}, {"position": [1, -3, -2], "block_type": "BrownVoxel"}, {"position": [1, -2, -2], "block_type": "BrownVoxel"}, {"position": [1, -1, -2], "block_type": "GroundVoxel"}, {"position": [2, -5, -2], "block_type": "Bedrock"}, {"position": [2, -4, -2], "block_type": "Voxel"}, {"position": [2, -3, -2], "block_type": "BrownVoxel"}, {"position": [2, -2, -2], "block_type": "BrownVoxel"}, {"position": [2, -1, -2], "block_type": "GroundVoxel"}, {"position": [3, -5, -2], "block_type": "Bedrock"}, {"position": [3, -4, -2], "block_type": "Voxel"}, {"position": [3, -3, -2], "block_type": "BrownVoxel"}, {"position": [3, -2, -2], "block_type": "BrownVoxel"}, {"position": [3, -1, -2], "block_type": "GroundVoxel"}, {"position": [4, -5, -2], "block_type": "Bedrock"}, {"position": [4, -4, -2], "block_type": "Voxel"}, {"position": [4, -3, -2], "block_type": "BrownVoxel"}, {"position": [4, -2, -2], "block_type": "BrownVoxel"}, {"position": [4, -1, -2], "block_type": "GroundVoxel"}, {"position": [5, -5, -2], "block_type": "Bedrock"}, {"position": [5, -4, -2], "block_type": "Voxel"}, {"position": [5, -3, -2], "block_type": "BrownVoxel"}, {"position": [5, -2, -2], "block_type": "BrownVoxel"}, {"position": [5, -1, -2], "block_type": "GroundVoxel"}, {"position": [6, -5, -2], "block_type": "Bedrock"}, {"position": [6, -4, -2], "block_type": "Voxel"}, {"position": [6, -3, -2], "block_type": "BrownVoxel"}, {"position": [6, -2, -2], "block_type": "BrownVoxel"}, {"position": [6, -1, -2], "block_type": "GroundVoxel"}, {"position": [7, -5, -2], "block_type": "Bedrock"}, {"position": [7, -4, -2], "block_type": "Voxel"}, {"position": [7, -3, -2], "block_type": "BrownVoxel"}, {"position": [7, -2, -2], "block_type": "BrownVoxel"}, {"position": [7, -1, -2], "block_type": "GroundVoxel"}, {"position": [-8, -5, -1], "block_type": "Bedrock"}, {"position": [-8, -4, -1], "block_type": "Voxel"}, {"position": [-8, -3, -1], "block_type": "BrownVoxel"}, {"position": [-8, -2, -1], "block_type": "BrownVoxel"}, {"position": [-8, -1, -1], "block_type": "GroundVoxel"}, {"position": [-7, -5, -1], "block_type": "Bedrock"}, {"position": [-7, -4, -1], "block_type": "Voxel"}, {"position": [-7, -3, -1], "block_type": "BrownVoxel"}, {"position": [-7, -2, -1], "block_type": "BrownVoxel"}, {"position": [-7, -1, -1], "block_type": "GroundVoxel"}, {"position": [-6, -5, -1], "block_type": "Bedrock"}, {"position": [-6, -4, -1], "block_type": "Voxel"}, {"position": [-6, -3, -1], "block_type": "BrownVoxel"}, {"position": [-6, -2, -1], "block_type": "BrownVoxel"}, {"position": [-5, -5, -1], "block_type": "Bedrock"}, {"position": [-5, -4, -1], "block_type": "Voxel"}, {"position": [-5, -3, -1], "block_type": "BrownVoxel"}, {"position": [-5, -2, -1], "block_type": "BrownVoxel"}, {"position": [-4, -5, -1], "block_type": "Bedrock"}, {"position": [-4, -4, -1], "block_type": "Voxel"}, {"position": [-4, -3, -1], "block_type": "BrownVoxel"}, {"position": [-4, -2, -1], "block_type": "BrownVoxel"}, {"position": [-4, -1, -1], "block_type": "GroundVoxel"}, {"position": [-3, -5, -1], "block_type": "Bedrock"}, {"position": [-3, -4, -1], "block_type": "Voxel"}, {"position": [-3, -3, -1], "block_type": "BrownVoxel"}, {"position": [-3, -2, -1], "block_type": "BrownVoxel"}, {"position": [-3, -1, -1], "block_type": "GroundVoxel"}, {"position": [-2, -5, -1], "block_type": "Bedrock"}, {"position": [-2, -4, -1], "block_type": "Voxel"}, {"position": [-2, -3, -1], "block_type": "BrownVoxel"}, {"position": [-2, -2, -1], "block_type": "BrownVoxel"}, {"position": [-2, -1, -1], "block_type": "GroundVoxel"}, {"position": [-1, -5, -1], "block_type": "Bedrock"}, {"position": [-1, -4, -1], "block_type": "Voxel"}, {"position": [-1, -3, -1], "block_type": "BrownVoxel"}, {"position": [-1, -2, -1], "block_type": "BrownVoxel"}, {"position": [-1, -1, -1], "block_type": "GroundVoxel"}, {"position": [0, -5, -1], "block_type": "Bedrock"}, {"position": [0, -4, -1], "block_type": "Voxel"}, {"position": [0, -3, -1], "block_type": "BrownVoxel"}, {"position": [0, -2, -1], "block_type": "BrownVoxel"}, {"position": [0, -1, -1], "block_type": "GroundVoxel"}, {"position": [1, -5, -1], "block_type": "Bedrock"}, {"position": [1, -4, -1], "block_type": "CoalOreVoxel"}, {"position": [1, -3, -1], "block_type": "BrownVoxel"}, {"position": [1, -2, -1], "block_type": "BrownVoxel"}, {"position": [1, -1, -1], "block_type": "GroundVoxel"}, {"position": [2, -5, -1], "block_type": "Bedrock"}, {"position": [2, -4, -1], "block_type": "Voxel"}, {"position": [2, -3, -1], "block_type": "BrownVoxel"}, {"position": [2, -2, -1], "block_type": "BrownVoxel"}, {"position": [2, -1, -1], "block_type": "GroundVoxel"}, {"position": [3, -5, -1], "block_type": "Bedrock"}, {"position": [3, -4, -1], "block_type": "Voxel"}, {"position": [3, -3, -1], "block_type": "BrownVoxel"}, {"position": [3, -2, -1], "block_type": "BrownVoxel"}, {"position": [3, -1, -1], "block_type": "GroundVoxel"}, {"position": [4, -5, -1], "block_type": "Bedrock"}, {"position": [4, -4, -1], "block_type": "Voxel"}, {"position": [4, -3, -1], "block_type": "BrownVoxel"}, {"position": [4, -2, -1], "block_type": "BrownVoxel"}, {"position": [4, -1, -1], "block_type": "GroundVoxel"}, {"position": [5, -5, -1], "block_type": "Bedrock"}, {"position": [5, -4, -1], "block_type": "Voxel"}, {"position": [5, -3, -1], "block_type": "BrownVoxel"}, {"position": [5, -2, -1], "block_type": "BrownVoxel"}, {"position": [5, -1, -1], "block_type": "GroundVoxel"}, {"position": [6, -5, -1], "block_type": "Bedrock"}, {"position": [6, -4, -1], "block_type": "Voxel"}, {"position": [6, -3, -1], "block_type": "BrownVoxel"}, {"position": [6, -2, -1], "block_type": "BrownVoxel"}, {"position": [6, -1, -1], "block_type": "GroundVoxel"}, {"position": [7, -5, -1], "block_type": "Bedrock"}, {"position": [7, -4, -1], "block_type": "Voxel"}, {"position": [7, -3, -1], "block_type": "BrownVoxel"}, {"position": [7, -2, -1], "block_type": "BrownVoxel"}, {"position": [7, -1, -1], "block_type": "GroundVoxel"}, {"position": [-8, -5, 0], "block_type": "Bedrock"}, {"position": [-8, -4, 0], "block_type": "CoalOreVoxel"}, {"position": [-8, -3, 0], "block_type": "Voxel"}, {"position": [-8, -2, 0], "block_type": "BrownVoxel"}, {"position": [-8, -1, 0], "block_type": "BrownVoxel"}, {"position": [-8, 0, 0], "block_type": "GroundVoxel"}, {"position": [-7, -5, 0], "block_type": "Bedrock"}, {"position": [-7, -4, 0], "block_type": "Voxel"}, {"position": [-7, -3, 0], "block_type": "Voxel"}, {"position": [-7, -2, 0], "block_type": "BrownVoxel"}, {"position": [-7, -1, 0], "block_type": "BrownVoxel"}, {"position": [-7, 0, 0], "block_type": "GroundVoxel"}, {"position": [-6, -5, 0], "block_type": "Bedrock"}, {"position": [-6, -4, 0], "block_type": "Voxel"}, {"position": [-6, -3, 0], "block_type": "Voxel"}, {"position": [-6, -2, 0], "block_type": "BrownVoxel"}, {"position": [-6, -1, 0], "block_type": "BrownVoxel"}, {"position": [-5, -5, 0], "block_type": "Bedrock"}, {"position": [-5, -4, 0], "block_type": "Voxel"}, {"position": [-5, -3, 0], "block_type": "Voxel"}, {"position": [-5, -2, 0], "block_type": "BrownVoxel"}, {"position": [-4, -5, 0], "block_type": "Bedrock"}, {"position": [-4, -4, 0], "block_type": "Voxel"}, {"position": [-4, -3, 0], "block_type": "Voxel"}, {"position": [-4, -2, 0], "block_type": "BrownVoxel"}, {"position": [-3, -5, 0], "block_type": "Bedrock"}, {"position": [-3, -4, 0], "block_type": "Voxel"}, {"position": [-3, -3, 0], "block_type": "CoalOreVoxel"}, {"position": [-3, -2, 0], "block_type": "BrownVoxel"}, {"position": [-3, -1, 0], "block_type": "BrownVoxel"}, {"position": [-3, 0, 0], "block_type": "GroundVoxel"}, {"position": [-2, -5, 0], "block_type": "Bedrock"}, {"position": [-2, -4, 0], "block_type": "Voxel"}, {"position": [-2, -3, 0], "block_type": "Voxel"}, {"position": [-2, -2, 0], "block_type": "BrownVoxel"}, {"position": [-2, -1, 0], "block_type": "BrownVoxel"}, {"position": [-2, 0, 0], "block_type": "GroundVoxel"}, {"position": [-1, -5, 0], "block_type": "Bedrock"}, {"position": [-1, -4, 0], "block_type": "Voxel"}, {"position": [-1, -3, 0], "block_type": "Voxel"}, {"position": [-1, -2, 0], "block_type": "BrownVoxel"}, {"position": [-1, -1, 0], "block_type": "BrownVoxel"}, {"position": [-1, 0, 0], "block_type": "GroundVoxel"}, {"position": [0, -5, 0], "block_type": "Bedrock"}, {"position": [0, -4, 0], "block_type": "Voxel"}, {"position": [0, -3, 0], "block_type": "Voxel"}, {"position": [0, -2, 0], "block_type": "BrownVoxel"}, {"position": [0, -1, 0], "block_type": "BrownVoxel"}, {"position": [0, 0, 0], "block_type": "GroundVoxel"}, {"position": [1, -5, 0], "block_type": "Bedrock"}, {"position": [1, -4, 0], "block_type": "Voxel"}, {"position": [1, -3, 0], "block_type": "BrownVoxel"}, {"position": [1, -2, 0], "block_type": "BrownVoxel"}, {"position": [1, -1, 0], "block_type": "GroundVoxel"}, {"position": [2, -5, 0], "block_type": "Bedrock"}, {"position": [2, -4, 0], "block_type": "Voxel"}, {"position": [2, -3, 0], "block_type": "BrownVoxel"}, {"position": [2, -2, 0], "block_type": "BrownVoxel"}, {"position": [2, -1, 0], "block_type": "GroundVoxel"}, {"position": [3, -5, 0], "block_type": "Bedrock"}, {"position": [3, -4, 0], "block_type": "Voxel"}, {"position": [3, -3, 0], "block_type": "BrownVoxel"}, {"position": [3, -2, 0], "block_type": "BrownVoxel"}, {"position": [3, -1, 0], "block_type": "GroundVoxel"}, {"position": [4, -5, 0], "block_type": "Bedrock"}, {"position": [4, -4, 0], "block_type": "Voxel"}, {"position": [4, -3, 0], "block_type": "BrownVoxel"}, {"position": [4, -2, 0], "block_type": "BrownVoxel"}, {"position": [4, -1, 0], "block_type": "GroundVoxel"}, {"position": [5, -5, 0], "block_type": "Bedrock"}, {"position": [5, -4, 0], "block_type": "Voxel"}, {"position": [5, -3, 0], "block_type": "BrownVoxel"}, {"position": [5, -2, 0], "block_type": "BrownVoxel"}, {"position": [5, -1, 0], "block_type": "GroundVoxel"}, {"position": [6, -5, 0], "block_type": "Bedrock"}, {"position": [6, -4, 0], "block_type": "Voxel"}, {"position": [6, -3, 0], "block_type": "BrownVoxel"}, {"position": [6, -2, 0], "block_type": "BrownVoxel"}, {"position": [6, -1, 0], "block_type": "GroundVoxel"}, {"position": [7, -5, 0], "block_type": "Bedrock"}, {"position": [7, -4, 0], "block_type": "Voxel"}, {"position": [7, -3, 0], "block_type": "BrownVoxel"}, {"position": [7, -2, 0], "block_type": "BrownVoxel"}, {"position": [7, -1, 0], "block_type": "GroundVoxel"}, {"position": [-8, -5, 1], "block_type": "Bedrock"}, {"position": [-8, -4, 1], "block_type": "Voxel"}, {"position": [-8, -3, 1], "block_type": "Voxel"}, {"position": [-8, -2, 1], "block_type": "BrownVoxel"}, {"position": [-8, -1, 1], "block_type": "BrownVoxel"}, {"position": [-8, 0, 1], "block_type": "GroundVoxel"}, {"position": [-7, -5, 1], "block_type": "Bedrock"}, {"position": [-7, -4, 1], "block_type": "Voxel"}, {"position": [-7, -3, 1], "block_type": "Voxel"}, {"position": [-7, -2, 1], "block_type": "BrownVoxel"}, {"position": [-7, -1, 1], "block_type": "BrownVoxel"}, {"position": [-7, 1, 1], "block_type": "OakLogVoxel"}, {"position": [-7, 2, 1], "block_type": "OakLogVoxel"}, {"position": [-7, 3, 1], "block_type": "OakLogVoxel"}, {"position": [-7, 3, 2], "block_type": "TreeLeavesVoxel"}, {"position": [-6, 3, 2], "block_type": "TreeLeavesVoxel"}, {"position": [-8, 3, 2], "block_type": "TreeLeavesVoxel"}, {"position": [-7, 3, 0], "block_type": "TreeLeavesVoxel"}, {"position": [-6, 3, 0], "block_type": "TreeLeavesVoxel"}, {"position": [-8, 3, 0], "block_type": "TreeLeavesVoxel"}, {"position": [-6, 3, 1], "block_type": "TreeLeavesVoxel"}, {"position": [-8, 3, 1], "block_type": "TreeLeavesVoxel"}, {"position": [-7, 4, 2], "block_type": "TreeLeavesVoxel"}, {"position": [-6, 4, 2], "block_type": "TreeLeavesVoxel"}, {"position": [-8, 4, 2], "block_type": "TreeLeavesVoxel"}, {"position": [-7, 4, 0], "block_type": "TreeLeavesVoxel"}, {"position": [-6, 4, 0], "block_type": "TreeLeavesVoxel"}, {"position": [-8, 4, 0], "block_type": "TreeLeavesVoxel"}, {"position": [-6, 4, 1], "block_type": "TreeLeavesVoxel"}, {"position": [-8, 4, 1], "block_type": "TreeLeavesVoxel"}, {"position": [-7, 5, 1], "block_type": "TreeLeavesVoxel"}, {"position": [-7, 0, 1], "block_type": "GroundVoxel"}, {"position": [-6, -5, 1], "block_type": "Bedrock"}, {"position": [-6, -4, 1], "block_type": "Voxel"}, {"position": [-6, -3, 1], "block_type": "CoalOreVoxel"}, {"position": [-6, -2, 1], "block_type": "BrownVoxel"}, {"position": [-6, -1, 1], "block_type": "BrownVoxel"}, {"position": [-5, -5, 1], "block_type": "Bedrock"}, {"position": [-5, -4, 1], "block_type": "Voxel"}, {"position": [-5, -3, 1], "block_type": "Voxel"}, {"position": [-5, -2, 1], "block_type": "BrownVoxel"}, {"position": [-5, -1, 1], "block_type": "BrownVoxel"}, {"position": [-4, -5, 1], "block_type": "Bedrock"}, {"position": [-4, -4, 1], "block_type": "Voxel"}, {"position": [-4, -3, 1], "block_type": "Voxel"}, {"position": [-4, -2, 1], "block_type": "BrownVoxel"}, {"position": [-4, -1, 1], "block_type": "BrownVoxel"}, {"position": [-4, 0, 1], "block_type": "GroundVoxel"}, {"position": [-3, -5, 1], "block_type": "Bedrock"}, {"position": [-3, -4, 1], "block_type": "Voxel"}, {"position": [-3, -3, 1], "block_type": "Voxel"}, {"position": [-3, -2, 1], "block_type": "BrownVoxel"}, {"position": [-3, -1, 1], "block_type": "BrownVoxel"}, {"position": [-3, 0, 1], "block_type": "GroundVoxel"}, {"position": [-2, -5, 1], "block_type": "Bedrock"}, {"position": [-2, -4, 1], "block_type": "Voxel"}, {"position": [-2, -3, 1], "block_type": "Voxel"}, {"position": [-2, -2, 1], "block_type": "BrownVoxel"}, {"position": [-2, -1, 1], "block_type": "BrownVoxel"}, {"position": [-2, 0, 1], "block_type": "GroundVoxel"}, {"position": [-1, -5, 1], "block_type": "Bedrock"}, {"position": [-1, -4, 1], "block_type": "Voxel"}, {"position": [-1, -3, 1], "block_type": "Voxel"}, {"position": [-1, -2, 1], "block_type": "BrownVoxel"}, {"position": [-1, -1, 1], "block_type": "BrownVoxel"}, {"position": [-1, 0, 1], "block_type": "GroundVoxel"}, {"position": [0, -5, 1], "block_type": "Bedrock"}, {"position": [0, -4, 1], "block_type": "Voxel"}, {"position": [0, -3, 1], "block_type": "Voxel"}, {"position": [0, -2, 1], "block_type": "BrownVoxel"}, {"position": [0, -1, 1], "block_type": "BrownVoxel"}, {"position": [0, 0, 1], "block_type": "GroundVoxel"}, {"position": [1, -5, 1], "block_type": "Bedrock"}, {"position": [1, -4, 1], "block_type": "Voxel"}, {"position": [1, -3, 1], "block_type": "Voxel"}, {"position": [1, -2, 1], "block_type": "BrownVoxel"}, {"position": [1, -1, 1], "block_type": "BrownVoxel"}, {"position": [1, 0, 1], "block_type": "GroundVoxel"}, {"position": [2, -5, 1], "block_type": "Bedrock"}, {"position": [2, -4, 1], "block_type": "Voxel"}, {"position": [2, -3, 1], "block_type": "Voxel"}, {"position": [2, -2, 1], "block_type": "BrownVoxel"}, {"position": [2, -1, 1], "block_type": "BrownVoxel"}, {"position": [2, 0, 1], "block_type": "GroundVoxel"}, {"position": [3, -5, 1], "block_type": "Bedrock"}, {"position": [3, -4, 1], "block_type": "Voxel"}, {"position": [3, -3, 1], "block_type": "BrownVoxel"}, {"position": [3, -2, 1], "block_type": "BrownVoxel"}, {"position": [3, -1, 1], "block_type": "GroundVoxel"}, {"position": [4, -5, 1], "block_type": "Bedrock"}, {"position": [4, -4, 1], "block_type": "Voxel"}, {"position": [4, -3, 1], "block_type": "BrownVoxel"}, {"position": [4, -2, 1], "block_type": "BrownVoxel"}, {"position": [4, -1, 1], "block_type": "GroundVoxel"}, {"position": [5, -5, 1], "block_type": "Bedrock"}, {"position": [5, -4, 1], "block_type": "Voxel"}, {"position": [5, -3, 1], "block_type": "BrownVoxel"}, {"position": [5, -2, 1], "block_type": "BrownVoxel"}, {"position": [5, -1, 1], "block_type": "GroundVoxel"}, {"position": [6, -5, 1], "block_type": "Bedrock"}, {"position": [6, -4, 1], "block_type": "Voxel"}, {"position": [6, -3, 1], "block_type": "BrownVoxel"}, {"position": [6, -2, 1], "block_type": "BrownVoxel"}, {"position": [6, -1, 1], "block_type": "GroundVoxel"}, {"position": [7, -5, 1], "block_type": "Bedrock"}, {"position": [7, -4, 1], "block_type": "Voxel"}, {"position": [7, -3, 1], "block_type": "BrownVoxel"}, {"position": [7, -2, 1], "block_type": "BrownVoxel"}, {"position": [7, -1, 1], "block_type": "GroundVoxel"}, {"position": [-8, -5, 2], "block_type": "Bedrock"}, {"position": [-8, -4, 2], "block_type": "Voxel"}, {"position": [-8, -3, 2], "block_type": "Voxel"}, {"position": [-8, -2, 2], "block_type": "BrownVoxel"}, {"position": [-8, -1, 2], "block_type": "BrownVoxel"}, {"position": [-8, 0, 2], "block_type": "GroundVoxel"}, {"position": [-7, -5, 2], "block_type": "Bedrock"}, {"position": [-7, -4, 2], "block_type": "Voxel"}, {"position": [-7, -3, 2], "block_type": "Voxel"}, {"position": [-7, -2, 2], "block_type": "BrownVoxel"}, {"position": [-7, -1, 2], "block_type": "BrownVoxel"}, {"position": [-7, 0, 2], "block_type": "GroundVoxel"}, {"position": [-6, -5, 2], "block_type": "Bedrock"}, {"position": [-6, -4, 2], "block_type": "Voxel"}, {"position": [-6, -3, 2], "block_type": "Voxel"}, {"position": [-6, -2, 2], "block_type": "BrownVoxel"}, {"position": [-6, -1, 2], "block_type": "BrownVoxel"}, {"position": [-5, -5, 2], "block_type": "Bedrock"}, {"position": [-5, -4, 2], "block_type": "Voxel"}, {"position": [-5, -3, 2], "block_type": "Voxel"}, {"position": [-5, -2, 2], "block_type": "BrownVoxel"}, {"position": [-5, -1, 2], "block_type": "BrownVoxel"}, {"position": [-4, -5, 2], "block_type": "Bedrock"}, {"position": [-4, -4, 2], "block_type": "Voxel"}, {"position": [-4, -3, 2], "block_type": "Voxel"}, {"position": [-4, -2, 2], "block_type": "BrownVoxel"}, {"position": [-4, -1, 2], "block_type": "BrownVoxel"}, {"position": [-4, 0, 2], "block_type": "GroundVoxel"}, {"position": [-3, -5, 2], "block_type": "Bedrock"}, {"position": [-3, -4, 2], "block_type": "Voxel"}, {"position": [-3, -3, 2], "block_type": "Voxel"}, {"position": [-3, -2, 2], "block_type": "BrownVoxel"}, {"position": [-3, -1, 2], "block_type": "BrownVoxel"}, {"position": [-3, 0, 2], "block_type": "GroundVoxel"}, {"position": [-2, -5, 2], "block_type": "Bedrock"}, {"position": [-2, -4, 2], "block_type": "Voxel"}, {"position": [-2, -3, 2], "block_type": "Voxel"}, {"position": [-2, -2, 2], "block_type": "BrownVoxel"}, {"position": [-2, -1, 2], "block_type": "BrownVoxel"}, {"position": [-2, 0, 2], "block_type": "GroundVoxel"}, {"position": [-1, -5, 2], "block_type": "Bedrock"}, {"position": [-1, -4, 2], "block_type": "Voxel"}, {"position": [-1, -3, 2], "block_type": "Voxel"}, {"position": [-1, -2, 2], "block_type": "BrownVoxel"}, {"position": [-1, -1, 2], "block_type": "BrownVoxel"}, {"position": [-1, 0, 2], "block_type": "GroundVoxel"}, {"position": [0, -5, 2], "block_type": "Bedrock"}, {"position": [0, -4, 2], "block_type": "Voxel"}, {"position": [0, -3, 2], "block_type": "Voxel"}, {"position": [0, -2, 2], "block_type": "BrownVoxel"}, {"position": [0, -1, 2], "block_type": "BrownVoxel"}, {"position": [0, 0, 2], "block_type": "GroundVoxel"}, {"position": [1, -5, 2], "block_type": "Bedrock"}, {"position": [1, -4, 2], "block_type": "Voxel"}, {"position": [1, -3, 2], "block_type": "Voxel"}, {"position": [1, -2, 2], "block_type": "BrownVoxel"}, {"position": [1, -1, 2], "block_type": "BrownVoxel"}, {"position": [1, 0, 2], "block_type": "GroundVoxel"}, {"position": [2, -5, 2], "block_type": "Bedrock"}, {"position": [2, -4, 2], "block_type": "Voxel"}, {"position": [2, -3, 2], "block_type": "Voxel"}, {"position": [2, -2, 2], "block_type": "BrownVoxel"}, {"position": [2, -1, 2], "block_type": "BrownVoxel"}, {"position": [2, 0, 2], "block_type": "GroundVoxel"}, {"position": [3, -5, 2], "block_type": "Bedrock"}, {"position": [3, -4, 2], "block_type": "Voxel"}, {"position": [3, -3, 2], "block_type": "Voxel"}, {"position": [3, -2, 2], "block_type": "BrownVoxel"}, {"position": [3, -1, 2], "block_type": "BrownVoxel"}, {"position": [3, 0, 2], "block_type": "GroundVoxel"}, {"position": [4, -5, 2], "block_type": "Bedrock"}, {"position": [4, -4, 2], "block_type": "Voxel"}, {"position": [4, -3, 2], "block_type": "BrownVoxel"}, {"position": [4, -2, 2], "block_type": "BrownVoxel"}, {"position": [4, -1, 2], "block_type": "GroundVoxel"}, {"position": [5, -5, 2], "block_type": "Bedrock"}, {"position": [5, -4, 2], "block_type": "Voxel"}, {"position": [5, -3, 2], "block_type": "BrownVoxel"}, {"position": [5, -2, 2], "block_type": "BrownVoxel"}, {"position": [5, -1, 2], "block_type": "GroundVoxel"}, {"position": [6, -5, 2], "block_type": "Bedrock"}, {"position": [6, -4, 2], "block_type": "Voxel"}, {"position": [6, -3, 2], "block_type": "BrownVoxel"}, {"position": [6, -2, 2], "block_type": "BrownVoxel"}, {"position": [7, -5, 2], "block_type": "Bedrock"}, {"position": [7, -4, 2], "block_type": "CoalOreVoxel"}, {"position": [7, -3, 2], "block_type": "BrownVoxel"}, {"position": [7, -2, 2], "block_type": "BrownVoxel"}, {"position": [7, -1, 2], "block_type": "GroundVoxel"}, {"position": [-8, -5, 3], "block_type": "Bedrock"}, {"position": [-8, -4, 3], "block_type": "Voxel"}, {"position": [-8, -3, 3], "block_type": "Voxel"}, {"position": [-8, -2, 3], "block_type": "BrownVoxel"}, {"position": [-8, -1, 3], "block_type": "BrownVoxel"}, {"position": [-8, 0, 3], "block_type": "GroundVoxel"}, {"position": [-7, -5, 3], "block_type": "Bedrock"}, {"position": [-7, -4, 3], "block_type": "Voxel"}, {"position": [-7, -3, 3], "block_type": "Voxel"}, {"position": [-7, -2, 3], "block_type": "BrownVoxel"}, {"position": [-7, -1, 3], "block_type": "BrownVoxel"}, {"position": [-7, 0, 3], "block_type": "GroundVoxel"}, {"position": [-6, -5, 3], "block_type": "Bedrock"}, {"position": [-6, -4, 3], "block_type": "Voxel"}, {"position": [-6, -3, 3], "block_type": "Voxel"}, {"position": [-6, -2, 3], "block_type": "BrownVoxel"}, {"position": [-6, -1, 3], "block_type": "BrownVoxel"}, {"position": [-5, -5, 3], "block_type": "Bedrock"}, {"position": [-5, -4, 3], "block_type": "Voxel"}, {"position": [-5, -3, 3], "block_type": "Voxel"}, {"position": [-5, -2, 3], "block_type": "BrownVoxel"}, {"position": [-5, -1, 3], "block_type": "BrownVoxel"}, {"position": [-4, -5, 3], "block_type": "Bedrock"}, {"position": [-4, -4, 3], "block_type": "Voxel"}, {"position": [-4, -3, 3], "block_type": "Voxel"}, {"position": [-4, -2, 3], "block_type": "BrownVoxel"}, {"position": [-4, -1, 3], "block_type": "BrownVoxel"}, {"position": [-4, 0, 3], "block_type": "GroundVoxel"}, {"position": [-3, -5, 3], "block_type": "Bedrock"}, {"position": [-3, -4, 3], "block_type": "Voxel"}, {"position": [-3, -3, 3], "block_type": "Voxel"}, {"position": [-3, -2, 3], "block_type": "BrownVoxel"}, {"position": [-3, -1, 3], "block_type": "BrownVoxel"}, {"position": [-3, 0, 3], "block_type": "GroundVoxel"}, {"position": [-2, -5, 3], "block_type": "Bedrock"}, {"position": [-2, -4, 3], "block_type": "Voxel"}, {"position": [-2, -3, 3], "block_type": "Voxel"}, {"position": [-2, -2, 3], "block_type": "BrownVoxel"}, {"position": [-2, -1, 3], "block_type": "BrownVoxel"}, {"position": [-2, 0, 3], "block_type": "GroundVoxel"}, {"position": [-1, -5, 3], "block_type": "Bedrock"}, {"position": [-1, -4, 3], "block_type": "Voxel"}, {"position": [-1, -3, 3], "block_type": "Voxel"}, {"position": [-1, -2, 3], "block_type": "BrownVoxel"}, {"position": [-1, -1, 3], "block_type": "BrownVoxel"}, {"position": [0, -5, 3], "block_type": "Bedrock"}, {"position": [0, -4, 3], "block_type": "Voxel"}, {"position": [0, -3, 3], "block_type": "Voxel"}, {"position": [0, -2, 3], "block_type": "BrownVoxel"}, {"position": [0, -1, 3], "block_type": "BrownVoxel"}, {"position": [1, -5, 3], "block_type": "Bedrock"}, {"position": [1, -4, 3], "block_type": "Voxel"}, {"position": [1, -3, 3], "block_type": "Voxel"}, {"position": [1, -2, 3], "block_type": "BrownVoxel"}, {"position": [1, -1, 3], "block_type": "BrownVoxel"}, {"position": [2, -5, 3], "block_type": "Bedrock"}, {"position": [2, -4, 3], "block_type": "Voxel"}, {"position": [2, -3, 3], "block_type": "Voxel"}, {"position": [2, -2, 3], "block_type": "BrownVoxel"}, {"position": [2, -1, 3], "block_type": "BrownVoxel"}, {"position": [3, -5, 3], "block_type": "Bedrock"}, {"position": [3, -4, 3], "block_type": "Voxel"}, {"position": [3, -3, 3], "block_type": "Voxel"}, {"position": [3, -2, 3], "block_type": "BrownVoxel"}, {"position": [3, -1, 3], "block_type": "BrownVoxel"}, {"position": [4, -5, 3], "block_type": "Bedrock"}, {"position": [4, -4, 3], "block_type": "Voxel"}, {"position": [4, -3, 3], "block_type": "Voxel"}, {"position": [4, -2, 3], "block_type": "BrownVoxel"}, {"position": [4, -1, 3], "block_type": "BrownVoxel"}, {"position": [5, -5, 3], "block_type": "Bedrock"}, {"position": [5, -4, 3], "block_type": "Voxel"}, {"position": [5, -3, 3], "block_type": "BrownVoxel"}, {"position": [5, -2, 3], "block_type": "BrownVoxel"}, {"position": [5, -1, 3], "block_type": "GroundVoxel"}, {"position": [6, -5, 3], "block_type": "Bedrock"}, {"position": [6, -4, 3], "block_type": "Voxel"}, {"position": [6, -3, 3], "block_type": "BrownVoxel"}, {"position": [6, -2, 3], "block_type": "BrownVoxel"}, {"position": [6, -1, 3], "block_type": "GroundVoxel"}, {"position": [7, -5, 3], "block_type": "Bedrock"}, {"position": [7, -4, 3], "block_type": "Voxel"}, {"position": [7, -3, 3], "block_type": "BrownVoxel"}, {"position": [7, -2, 3], "block_type": "BrownVoxel"}, {"position": [7, -1, 3], "block_type": "GroundVoxel"}, {"position": [-8, -5, 4], "block_type": "Bedrock"}, {"position": [-8, -4, 4], "block_type": "Voxel"}, {"position": [-8, -3, 4], "block_type": "Voxel"}, {"position": [-8, -2, 4], "block_type": "BrownVoxel"}, {"position": [-8, -1, 4], "block_type": "BrownVoxel"}, {"position": [-8, 0, 4], "block_type": "GroundVoxel"}, {"position": [-7, -5, 4], "block_type": "Bedrock"}, {"position": [-7, -4, 4], "block_type": "Voxel"}, {"position": [-7, -3, 4], "block_type": "Voxel"}, {"position": [-7, -2, 4], "block_type": "BrownVoxel"}, {"position": [-7, -1, 4], "block_type": "BrownVoxel"}, {"position": [-7, 0, 4], "block_type": "GroundVoxel"}, {"position": [-6, -5, 4], "block_type": "Bedrock"}, {"position": [-6, -4, 4], "block_type": "CoalOreVoxel"}, {"position": [-6, -3, 4], "block_type": "Voxel"}, {"position": [-6, -2, 4], "block_type": "BrownVoxel"}, {"position": [-6, -1, 4], "block_type": "BrownVoxel"}, {"position": [-5, -5, 4], "block_type": "Bedrock"}, {"position": [-5, -4, 4], "block_type": "Voxel"}, {"position": [-5, -3, 4], "block_type": "Voxel"}, {"position": [-5, -2, 4], "block_type": "BrownVoxel"}, {"position": [-5, -1, 4], "block_type": "BrownVoxel"}, {"position": [-4, -5, 4], "block_type": "Bedrock"}, {"position": [-4, -4, 4], "block_type": "Voxel"}, {"position": [-4, -3, 4], "block_type": "Voxel"}, {"position": [-4, -2, 4], "block_type": "BrownVoxel"}, {"position": [-4, -1, 4], "block_type": "BrownVoxel"}, {"position": [-3, -5, 4], "block_type": "Bedrock"}, {"position": [-3, -4, 4], "block_type": "Voxel"}, {"position": [-3, -3, 4], "block_type": "Voxel"}, {"position": [-3, -2, 4], "block_type": "BrownVoxel"}, {"position": [-3, -1, 4], "block_type": "BrownVoxel"}, {"position": [-2, -5, 4], "block_type": "Bedrock"}, {"position": [-2, -4, 4], "block_type": "Voxel"}, {"position": [-2, -3, 4], "block_type": "Voxel"}, {"position": [-2, -2, 4], "block_type": "BrownVoxel"}, {"position": [-2, -1, 4], "block_type": "BrownVoxel"}, {"position": [-1, -5, 4], "block_type": "Bedrock"}, {"position": [-1, -4, 4], "block_type": "Voxel"}, {"position": [-1, -3, 4], "block_type": "Voxel"}, {"position": [-1, -2, 4], "block_type": "BrownVoxel"}, {"position": [-1, -1, 4], "block_type": "BrownVoxel"}, {"position": [0, -5, 4], "block_type": "Bedrock"}, {"position": [0, -4, 4], "block_type": "Voxel"}, {"position": [0, -3, 4], "block_type": "Voxel"}, {"position": [0, -2, 4], "block_type": "BrownVoxel"}, {"position": [0, -1, 4], "block_type": "BrownVoxel"}, {"position": [1, -5, 4], "block_type": "Bedrock"}, {"position": [1, -4, 4], "block_type": "Voxel"}, {"position": [1, -3, 4], "block_type": "Voxel"}, {"position": [1, -2, 4], "block_type": "BrownVoxel"}, {"position": [1, -1, 4], "block_type": "BrownVoxel"}, {"position": [2, -5, 4], "block_type": "Bedrock"}, {"position": [2, -4, 4], "block_type": "Voxel"}, {"position": [2, -3, 4], "block_type": "Voxel"}, {"position": [2, -2, 4], "block_type": "BrownVoxel"}, {"position": [2, -1, 4], "block_type": "BrownVoxel"}, {"position": [3, -5, 4], "block_type": "Bedrock"}, {"position": [3, -4, 4], "block_type": "Voxel"}, {"position": [3, -3, 4], "block_type": "Voxel"}, {"position": [3, -2, 4], "block_type": "BrownVoxel"}, {"position": [3, -1, 4], "block_type": "BrownVoxel"}, {"position": [4, -5, 4], "block_type": "Bedrock"}, {"position": [4, -4, 4], "block_type": "Voxel"}, {"position": [4, -3, 4], "block_type": "Voxel"}, {"position": [4, -2, 4], "block_type": "BrownVoxel"}, {"position": [4, -1, 4], "block_type": "BrownVoxel"}, {"position": [4, 0, 4], "block_type": "GroundVoxel"}, {"position": [5, -5, 4], "block_type": "Bedrock"}, {"position": [5, -4, 4], "block_type": "Voxel"}, {"position": [5, -3, 4], "block_type": "BrownVoxel"}, {"position": [5, -2, 4], "block_type": "BrownVoxel"}, {"position": [5, -1, 4], "block_type": "GroundVoxel"}, {"position": [6, -5, 4], "block_type": "Bedrock"}, {"position": [6, -4, 4], "block_type": "Voxel"}, {"position": [6, -3, 4], "block_type": "BrownVoxel"}, {"position": [6, -2, 4], "block_type": "BrownVoxel"}, {"position": [6, -1, 4], "block_type": "GroundVoxel"}, {"position": [7, -5, 4], "block_type": "Bedrock"}, {"position": [7, -4, 4], "block_type": "Voxel"}, {"position": [7, -3, 4], "block_type": "BrownVoxel"}, {"position": [7, -2, 4], "block_type": "BrownVoxel"}, {"position": [7, -1, 4], "block_type": "GroundVoxel"}, {"position": [-8, -5, 5], "block_type": "Bedrock"}, {"position": [-8, -4, 5], "block_type": "Voxel"}, {"position": [-8, -3, 5], "block_type": "Voxel"}, {"position": [-8, -2, 5], "block_type": "Voxel"}, {"position": [-8, -1, 5], "block_type": "BrownVoxel"}, {"position": [-8, 0, 5], "block_type": "BrownVoxel"}, {"position": [-8, 1, 5], "block_type": "GroundVoxel"}, {"position": [-7, -5, 5], "block_type": "Bedrock"}, {"position": [-7, -4, 5], "block_type": "Voxel"}, {"position": [-7, -3, 5], "block_type": "Voxel"}, {"position": [-7, -2, 5], "block_type": "BrownVoxel"}, {"position": [-7, -1, 5], "block_type": "BrownVoxel"}, {"position": [-7, 0, 5], "block_type": "GroundVoxel"}, {"position": [-6, -5, 5], "block_type": "Bedrock"}, {"position": [-6, -4, 5], "block_type": "Voxel"}, {"position": [-6, -3, 5], "block_type": "Voxel"}, {"position": [-6, -2, 5], "block_type": "BrownVoxel"}, {"position": [-6, -1, 5], "block_type": "BrownVoxel"}, {"position": [-5, -5, 5], "block_type": "Bedrock"}, {"position": [-5, -4, 5], "block_type": "Voxel"}, {"position": [-5, -3, 5], "block_type": "Voxel"}, {"position": [-5, -2, 5], "block_type": "BrownVoxel"}, {"position": [-5, -1, 5], "block_type": "BrownVoxel"}, {"position": [-4, -5, 5], "block_type": "Bedrock"}, {"position": [-4, -4, 5], "block_type": "Voxel"}, {"position": [-4, -3, 5], "block_type": "Voxel"}, {"position": [-4, -2, 5], "block_type": "BrownVoxel"}, {"position": [-4, -1, 5], "block_type": "BrownVoxel"}, {"position": [-3, -5, 5], "block_type": "Bedrock"}, {"position": [-3, -4, 5], "block_type": "Voxel"}, {"position": [-3, -3, 5], "block_type": "Voxel"}, {"position": [-3, -2, 5], "block_type": "BrownVoxel"}, {"position": [-3, -1, 5], "block_type": "BrownVoxel"}, {"position": [-2, -5, 5], "block_type": "Bedrock"}, {"position": [-2, -4, 5], "block_type": "Voxel"}, {"position": [-2, -3, 5], "block_type": "CoalOreVoxel"}, {"position": [-2, -2, 5], "block_type": "BrownVoxel"}, {"position": [-2, -1, 5], "block_type": "BrownVoxel"}, {"position": [-1, -5, 5], "block_type": "Bedrock"}, {"position": [-1, -4, 5], "block_type": "Voxel"}, {"position": [-1, -3, 5], "block_type": "Voxel"}, {"position": [-1, -2, 5], "block_type": "BrownVoxel"}, {"position": [-1, -1, 5], "block_type": "BrownVoxel"}, {"position": [0, -5, 5], "block_type": "Bedrock"}, {"position": [0, -4, 5], "block_type": "Voxel"}, {"position": [0, -3, 5], "block_type": "Voxel"}, {"position": [0, -2, 5], "block_type": "BrownVoxel"}, {"position": [0, -1, 5], "block_type": "BrownVoxel"}, {"position": [1, -5, 5], "block_type": "Bedrock"}, {"position": [1, -4, 5], "block_type": "Voxel"}, {"position": [1, -3, 5], "block_type": "Voxel"}, {"position": [1, -2, 5], "block_type": "BrownVoxel"}, {"position": [1, -1, 5], "block_type": "BrownVoxel"}, {"position": [2, -5, 5], "block_type": "Bedrock"}, {"position": [2, -4, 5], "block_type": "Voxel"}, {"position": [2, -3, 5], "block_type": "Voxel"}, {"position": [2, -2, 5], "block_type": "BrownVoxel"}, {"position": [2, -1, 5], "block_type": "BrownVoxel"}, {"position": [3, -5, 5], "block_type": "Bedrock"}, {"position": [3, -4, 5], "block_type": "Voxel"}, {"position": [3, -3, 5], "block_type": "Voxel"}, {"position": [3, -2, 5], "block_type": "BrownVoxel"}, {"position": [3, -1, 5], "block_type": "BrownVoxel"}, {"position": [4, -5, 5], "block_type": "Bedrock"}, {"position": [4, -4, 5], "block_type": "Voxel"}, {"position": [4, -3, 5], "block_type": "Voxel"}, {"position": [4, -2, 5], "block_type": "BrownVoxel"}, {"position": [4, -1, 5], "block_type": "BrownVoxel"}, {"position": [4, 0, 5], "block_type": "GroundVoxel"}, {"position": [5, -5, 5], "block_type": "Bedrock"}, {"position": [5, -4, 5], "block_type": "Voxel"}, {"position": [5, -3, 5], "block_type": "BrownVoxel"}, {"position": [5, -2, 5], "block_type": "BrownVoxel"}, {"position": [5, -1, 5], "block_type": "GroundVoxel"}, {"position": [6, -5, 5], "block_type": "Bedrock"}, {"position": [6, -4, 5], "block_type": "Voxel"}, {"position": [6, -3, 5], "block_type": "BrownVoxel"}, {"position": [6, -2, 5], "block_type": "BrownVoxel"}, {"position": [6, -1, 5], "block_type": "GroundVoxel"}, {"position": [7, -5, 5], "block_type": "Bedrock"}, {"position": [7, -4, 5], "block_type": "CoalOreVoxel"}, {"position": [7, -3, 5], "block_type": "BrownVoxel"}, {"position": [7, -2, 5], "block_type": "BrownVoxel"}, {"position": [7, -1, 5], "block_type": "GroundVoxel"}, {"position": [-8, -5, 6], "block_type": "Bedrock"}, {"position": [-8, -4, 6], "block_type": "Voxel"}, {"position": [-8, -3, 6], "block_type": "Voxel"}, {"position": [-8, -2, 6], "block_type": "Voxel"}, {"position": [-8, -1, 6], "block_type": "BrownVoxel"}, {"position": [-8, 0, 6], "block_type": "BrownVoxel"}, {"position": [-8, 1, 6], "block_type": "GroundVoxel"}, {"position": [-7, -5, 6], "block_type": "Bedrock"}, {"position": [-7, -4, 6], "block_type": "Voxel"}, {"position": [-7, -3, 6], "block_type": "Voxel"}, {"position": [-7, -2, 6], "block_type": "Voxel"}, {"position": [-7, -1, 6], "block_type": "BrownVoxel"}, {"position": [-7, 0, 6], "block_type": "BrownVoxel"}, {"position": [-7, 1, 6], "block_type": "GroundVoxel"}, {"position": [-6, -5, 6], "block_type": "Bedrock"}, {"position": [-6, -4, 6], "block_type": "Voxel"}, {"position": [-6, -3, 6], "block_type": "Voxel"}, {"position": [-6, -2, 6], "block_type": "BrownVoxel"}, {"position": [-6, -1, 6], "block_type": "BrownVoxel"}, {"position": [-6, 0, 6], "block_type": "GroundVoxel"}, {"position": [-5, -5, 6], "block_type": "Bedrock"}, {"position": [-5, -4, 6], "block_type": "Voxel"}, {"position": [-5, -3, 6], "block_type": "Voxel"}, {"position": [-5, -2, 6], "block_type": "BrownVoxel"}, {"position": [-5, -1, 6], "block_type": "BrownVoxel"}, {"position": [-5, 0, 6], "block_type": "GroundVoxel"}, {"position": [-4, -5, 6], "block_type": "Bedrock"}, {"position": [-4, -4, 6], "block_type": "Voxel"}, {"position": [-4, -3, 6], "block_type": "Voxel"}, {"position": [-4, -2, 6], "block_type": "BrownVoxel"}, {"position": [-4, -1, 6], "block_type": "BrownVoxel"}, {"position": [-4, 0, 6], "block_type": "GroundVoxel"}, {"position": [-3, -5, 6], "block_type": "Bedrock"}, {"position": [-3, -4, 6], "block_type": "CoalOreVoxel"}, {"position": [-3, -3, 6], "block_type": "Voxel"}, {"position": [-3, -2, 6], "block_type": "BrownVoxel"}, {"position": [-3, -1, 6], "block_type": "BrownVoxel"}, {"position": [-3, 0, 6], "block_type": "GroundVoxel"}, {"position": [-2, -5, 6], "block_type": "Bedrock"}, {"position": [-2, -4, 6], "block_type": "Voxel"}, {"position": [-2, -3, 6], "block_type": "Voxel"}, {"position": [-2, -2, 6], "block_type": "BrownVoxel"}, {"position": [-2, -1, 6], "block_type": "BrownVoxel"}, {"position": [-2, 0, 6], "block_type": "GroundVoxel"}, {"position": [-1, -5, 6], "block_type": "Bedrock"}, {"position": [-1, -4, 6], "block_type": "Voxel"}, {"position": [-1, -3, 6], "block_type": "Voxel"}, {"position": [-1, -2, 6], "block_type": "BrownVoxel"}, {"position": [-1, -1, 6], "block_type": "BrownVoxel"}, {"position": [0, -5, 6], "block_type": "Bedrock"}, {"position": [0, -4, 6], "block_type": "Voxel"}, {"position": [0, -3, 6], "block_type": "Voxel"}, {"position": [0, -2, 6], "block_type": "BrownVoxel"}, {"position": [0, -1, 6], "block_type": "BrownVoxel"}, {"position": [1, -5, 6], "block_type": "Bedrock"}, {"position": [1, -4, 6], "block_type": "Voxel"}, {"position": [1, -3, 6], "block_type": "Voxel"}, {"position": [1, -2, 6], "block_type": "BrownVoxel"}, {"position": [1, -1, 6], "block_type": "BrownVoxel"}, {"position": [2, -5, 6], "block_type": "Bedrock"}, {"position": [2, -4, 6], "block_type": "Voxel"}, {"position": [2, -3, 6], "block_type": "Voxel"}, {"position": [2, -2, 6], "block_type": "BrownVoxel"}, {"position": [2, -1, 6], "block_type": "BrownVoxel"}, {"position": [3, -5, 6], "block_type": "Bedrock"}, {"position": [3, -4, 6], "block_type": "Voxel"}, {"position": [3, -3, 6], "block_type": "Voxel"}, {"position": [3, -2, 6], "block_type": "BrownVoxel"}, {"position": [3, -1, 6], "block_type": "BrownVoxel"}, {"position": [4, -5, 6], "block_type": "Bedrock"}, {"position": [4, -4, 6], "block_type": "Voxel"}, {"position": [4, -3, 6], "block_type": "Voxel"}, {"position": [4, -2, 6], "block_type": "BrownVoxel"}, {"position": [4, -1, 6], "block_type": "BrownVoxel"}, {"position": [4, 0, 6], "block_type": "GroundVoxel"}, {"position": [5, -5, 6], "block_type": "Bedrock"}, {"position": [5, -4, 6], "block_type": "Voxel"}, {"position": [5, -3, 6], "block_type": "BrownVoxel"}, {"position": [5, -2, 6], "block_type": "BrownVoxel"}, {"position": [5, -1, 6], "block_type": "GroundVoxel"}, {"position": [6, -5, 6], "block_type": "Bedrock"}, {"position": [6, -4, 6], "block_type": "Voxel"}, {"position": [6, -3, 6], "block_type": "BrownVoxel"}, {"position": [6, -2, 6], "block_type": "BrownVoxel"}, {"position": [6, -1, 6], "block_type": "GroundVoxel"}, {"position": [7, -5, 6], "block_type": "Bedrock"}, {"position": [7, -4, 6], "block_type": "Voxel"}, {"position": [7, -3, 6], "block_type": "BrownVoxel"}, {"position": [7, -2, 6], "block_type": "BrownVoxel"}, {"position": [7, -1, 6], "block_type": "GroundVoxel"}, {"position": [-8, -5, 7], "block_type": "Bedrock"}, {"position": [-8, -4, 7], "block_type": "Voxel"}, {"position": [-8, -3, 7], "block_type": "Voxel"}, {"position": [-8, -2, 7], "block_type": "Voxel"}, {"position": [-8, -1, 7], "block_type": "BrownVoxel"}, {"position": [-8, 0, 7], "block_type": "BrownVoxel"}, {"position": [-8, 1, 7], "block_type": "GroundVoxel"}, {"position": [-7, -5, 7], "block_type": "Bedrock"}, {"position": [-7, -4, 7], "block_type": "Voxel"}, {"position": [-7, -3, 7], "block_type": "Voxel"}, {"position": [-7, -2, 7], "block_type": "Voxel"}, {"position": [-7, -1, 7], "block_type": "BrownVoxel"}, {"position": [-7, 0, 7], "block_type": "BrownVoxel"}, {"position": [-7, 1, 7], "block_type": "GroundVoxel"}, {"position": [-6, -5, 7], "block_type": "Bedrock"}, {"position": [-6, -4, 7], "block_type": "Voxel"}, {"position": [-6, -3, 7], "block_type": "Voxel"}, {"position": [-6, -2, 7], "block_type": "Voxel"}, {"position": [-6, -1, 7], "block_type": "BrownVoxel"}, {"position": [-6, 0, 7], "block_type": "BrownVoxel"}, {"position": [-6, 1, 7], "block_type": "GroundVoxel"}, {"position": [-5, -5, 7], "block_type": "Bedrock"}, {"position": [-5, -4, 7], "block_type": "Voxel"}, {"position": [-5, -3, 7], "block_type": "Voxel"}, {"position": [-5, -2, 7], "block_type": "BrownVoxel"}, {"position": [-5, -1, 7], "block_type": "BrownVoxel"}, {"position": [-5, 0, 7], "block_type": "GroundVoxel"}, {"position": [-4, -5, 7], "block_type": "Bedrock"}, {"position": [-4, -4, 7], "block_type": "Voxel"}, {"position": [-4, -3, 7], "block_type": "Voxel"}, {"position": [-4, -2, 7], "block_type": "BrownVoxel"}, {"position": [-4, -1, 7], "block_type": "BrownVoxel"}, {"position": [-4, 0, 7], "block_type": "GroundVoxel"}, {"position": [-3, -5, 7], "block_type": "Bedrock"}, {"position": [-3, -4, 7], "block_type": "Voxel"}, {"position": [-3, -3, 7], "block_type": "Voxel"}, {"position": [-3, -2, 7], "block_type": "BrownVoxel"}, {"position": [-3, -1, 7], "block_type": "BrownVoxel"}, {"position": [-3, 0, 7], "block_type": "GroundVoxel"}, {"position": [-2, -5, 7], "block_type": "Bedrock"}, {"position": [-2, -4, 7], "block_type": "Voxel"}, {"position": [-2, -3, 7], "block_type": "Voxel"}, {"position": [-2, -2, 7], "block_type": "BrownVoxel"}, {"position": [-2, -1, 7], "block_type": "BrownVoxel"}, {"position": [-2, 0, 7], "block_type": "GroundVoxel"}, {"position": [-1, -5, 7], "block_type": "Bedrock"}, {"position": [-1, -4, 7], "block_type": "Voxel"}, {"position": [-1, -3, 7], "block_type": "Voxel"}, {"position": [-1, -2, 7], "block_type": "BrownVoxel"}, {"position": [-1, -1, 7], "block_type": "BrownVoxel"}, {"position": [-1, 0, 7], "block_type": "GroundVoxel"}, {"position": [0, -5, 7], "block_type": "Bedrock"}, {"position": [0, -4, 7], "block_type": "Voxel"}, {"position": [0, -3, 7], "block_type": "Voxel"}, {"position": [0, -2, 7], "block_type": "BrownVoxel"}, {"position": [0, -1, 7], "block_type": "BrownVoxel"}, {"position": [0, 0, 7], "block_type": "GroundVoxel"}, {"position": [1, -5, 7], "block_type": "Bedrock"}, {"position": [1, -4, 7], "block_type": "Voxel"}, {"position": [1, -3, 7], "block_type": "Voxel"}, {"position": [1, -2, 7], "block_type": "BrownVoxel"}, {"position": [1, -1, 7], "block_type": "BrownVoxel"}, {"position": [1, 0, 7], "block_type": "GroundVoxel"}, {"position": [2, -5, 7], "block_type": "Bedrock"}, {"position": [2, -4, 7], "block_type": "Voxel"}, {"position": [2, -3, 7], "block_type": "Voxel"}, {"position": [2, -2, 7], "block_type": "BrownVoxel"}, {"position": [2, -1, 7], "block_type": "BrownVoxel"}, {"position": [2, 0, 7], "block_type": "GroundVoxel"}, {"position": [3, -5, 7], "block_type": "Bedrock"}, {"position": [3, -4, 7], "block_type": "Voxel"}, {"position": [3, -3, 7], "block_type": "Voxel"}, {"position": [3, -2, 7], "block_type": "BrownVoxel"}, {"position": [3, -1, 7], "block_type": "BrownVoxel"}, {"position": [3, 0, 7], "block_type": "GroundVoxel"}, {"position": [4, -5, 7], "block_type": "Bedrock"}, {"position": [4, -4, 7], "block_type": "Voxel"}, {"position": [4, -3, 7], "block_type": "Voxel"}, {"position": [4, -2, 7], "block_type": "BrownVoxel"}, {"position": [4, -1, 7], "block_type": "BrownVoxel"}, {"position": [4, 0, 7], "block_type": "GroundVoxel"}, {"position": [5, -5, 7], "block_type": "Bedrock"}, {"position": [5, -4, 7], "block_type": "Voxel"}, {"position": [5, -3, 7], "block_type": "BrownVoxel"}, {"position": [5, -2, 7], "block_type": "BrownVoxel"}, {"position": [5, -1, 7], "block_type": "GroundVoxel"}, {"position": [6, -5, 7], "block_type": "Bedrock"}, {"position": [6, -4, 7], "block_type": "Voxel"}, {"position": [6, -3, 7], "block_type": "BrownVoxel"}, {"position": [6, -2, 7], "block_type": "BrownVoxel"}, {"position": [6, -1, 7], "block_type": "GroundVoxel"}, {"position": [7, -5, 7], "block_type": "Bedrock"}, {"position": [7, -4, 7], "block_type": "Voxel"}, {"position": [7, -3, 7], "block_type": "BrownVoxel"}, {"position": [7, -2, 7], "block_type": "BrownVoxel"}, {"position": [7, -1, 7], "block_type": "GroundVoxel"}, {"position": [4.0, 1.0, 7.0], "block_type": "DiamondBlock"}, {"position": [4.0, 1.0, 6.0], "block_type": "DiamondBlock"}, {"position": [4.0, 1.0, 4.0], "block_type": "DiamondBlock"}, {"position": [4.0, 1.0, 5.0], "block_type": "DiamondBlock"}, {"position": [4.0, 1.0, 3.0], "block_type": "DiamondBlock"}, {"position": [4.0, 1.0, 2.0], "block_type": "DiamondBlock"}, {"position": [4.0, 0.0, 3.0], "block_type": "GroundVoxel"}, {"position": [4.0, 0.0, 2.0], "block_type": "GroundVoxel"}, {"position": [3.0, 1.0, 7.0], "block_type": "DiamondBlock"}, {"position": [2.0, 1.0, 7.0], "block_type": "DiamondBlock"}, {"position": [1.0, 1.0, 7.0], "block_type": "DiamondBlock"}, {"position": [0.0, 1.0, 7.0], "block_type": "DiamondBlock"}, {"position": [-1.0, 1.0, 7.0], "block_type": "DiamondBlock"}, {"position": [-2.0, 1.0, 7.0], "block_type": "DiamondBlock"}, {"position": [3.0, 1.0, 2.0], "block_type": "DiamondBlock"}, {"position": [2.0, 1.0, 2.0], "block_type": "DiamondBlock"}, {"position": [1.0, 1.0, 2.0], "block_type": "DiamondBlock"}, {"position": [0.0, 1.0, 2.0], "block_type": "DiamondBlock"}, {"position": [-1.0, 1.0, 2.0], "block_type": "DiamondBlock"}, {"position": [-2.0, 1.0, 2.0], "block_type": "DiamondBlock"}, {"position": [-2.0, 1.0, 6.0], "block_type": "DiamondBlock"}, {"position": [-2.0, 1.0, 3.0], "block_type": "DiamondBlock"}, {"position": [4.0, 2.0, 2.0], "block_type": "DiamondBlock"}, {"position": [3.0, 2.0, 2.0], "block_type": "DiamondBlock"}, {"position": [1.0, 2.0, 2.0], "block_type": "DiamondBlock"}, {"position": [-1.0, 2.0, 2.0], "block_type": "DiamondBlock"}, {"position": [-2.0, 2.0, 2.0], "block_type": "DiamondBlock"}, {"position": [-2.0, 2.0, 3.0], "block_type": "DiamondBlock"}, {"position": [-1.0, 2.0, 7.0], "block_type": "DiamondBlock"}, {"position": [-2.0, 2.0, 7.0], "block_type": "DiamondBlock"}, {"position": [-2.0, 2.0, 6.0], "block_type": "DiamondBlock"}, {"position": [4.0, 2.0, 7.0], "block_type": "DiamondBlock"}, {"position": [3.0, 2.0, 7.0], "block_type": "DiamondBlock"}, {"position": [1.0, 2.0, 7.0], "block_type": "DiamondBlock"}, {"position": [4.0, 2.0, 6.0], "block_type": "DiamondBlock"}, {"position": [4.0, 2.0, 3.0], "block_type": "DiamondBlock"}, {"position": [4.0, 3.0, 2.0], "block_type": "DiamondBlock"}, {"position": [3.0, 3.0, 2.0], "block_type": "DiamondBlock"}, {"position": [2.0, 3.0, 2.0], "block_type": "DiamondBlock"}, {"position": [0.0, 3.0, 2.0], "block_type": "DiamondBlock"}, {"position": [1.0, 3.0, 2.0], "block_type": "DiamondBlock"}, {"position": [-1.0, 3.0, 2.0], "block_type": "DiamondBlock"}, {"position": [-2.0, 3.0, 2.0], "block_type": "DiamondBlock"}, {"position": [-2.0, 3.0, 3.0], "block_type": "DiamondBlock"}, {"position": [-2.0, 3.0, 6.0], "block_type": "DiamondBlock"}, {"position": [-2.0, 3.0, 7.0], "block_type": "DiamondBlock"}, {"position": [4.0, 3.0, 7.0], "block_type": "DiamondBlock"}, {"position": [3.0, 3.0, 7.0], "block_type": "DiamondBlock"}, {"position": [2.0, 3.0, 7.0], "block_type": "DiamondBlock"}, {"position": [1.0, 3.0, 7.0], "block_type": "DiamondBlock"}, {"position": [0.0, 3.0, 7.0], "block_type": "DiamondBlock"}, {"position": [-1.0, 3.0, 7.0], "block_type": "DiamondBlock"}, {"position": [4.0, 3.0, 3.0], "block_type": "DiamondBlock"}, {"position": [4.0, 3.0, 4.0], "block_type": "DiamondBlock"}, {"position": [4.0, 3.0, 5.0], "block_type": "DiamondBlock"}, {"position": [4.0, 3.0, 6.0], "block_type": "DiamondBlock"}, {"position": [4.0, 4.0, 2.0], "block_type": "DiamondBlock"}, {"position": [4.0, 4.0, 3.0], "block_type": "DiamondBlock"}, {"position": [4.0, 4.0, 4.0], "block_type": "DiamondBlock"}, {"position": [3.0, 4.0, 4.0], "block_type": "DiamondBlock"}, {"position": [2.0, 4.0, 4.0], "block_type": "DiamondBlock"}, {"position": [1.0, 4.0, 4.0], "block_type": "DiamondBlock"}, {"position": [0.0, 4.0, 4.0], "block_type": "DiamondBlock"}, {"position": [-1.0, 4.0, 4.0], "block_type": "DiamondBlock"}, {"position": [-2.0, 4.0, 4.0], "block_type": "DiamondBlock"}, {"position": [-1.0, 4.0, 3.0], "block_type": "DiamondBlock"}, {"position": [-2.0, 4.0, 3.0], "block_type": "DiamondBlock"}, {"position": [3.0, 4.0, 2.0], "block_type": "DiamondBlock"}, {"position": [2.0, 4.0, 2.0], "block_type": "DiamondBlock"}, {"position": [1.0, 4.0, 2.0], "block_type": "DiamondBlock"}, {"position": [0.0, 4.0, 2.0], "block_type": "DiamondBlock"}, {"position": [-1.0, 4.0, 2.0], "block_type": "DiamondBlock"}, {"position": [-2.0, 4.0, 2.0], "block_type": "DiamondBlock"}, {"position": [4.0, 4.0, 5.0], "block_type": "DiamondBlock"}, {"position": [3.0, 4.0, 5.0], "block_type": "DiamondBlock"}, {"position": [2.0, 4.0, 5.0], "block_type": "DiamondBlock"}, {"position": [1.0, 4.0, 5.0], "block_type": "DiamondBlock"}, {"position": [0.0, 4.0, 5.0], "block_type": "DiamondBlock"}, {"position": [-1.0, 4.0, 5.0], "block_type": "DiamondBlock"}, {"position": [-2.0, 4.0, 5.0], "block_type": "DiamondBlock"}, {"position": [4.0, 4.0, 7.0], "block_type": "DiamondBlock"}, {"position": [4.0, 4.0, 6.0], "block_type": "DiamondBlock"}, {"position": [3.0, 4.0, 6.0], "block_type": "DiamondBlock"}, {"position": [3.0, 4.0, 7.0], "block_type": "DiamondBlock"}, {"position": [2.0, 4.0, 7.0], "block_type": "DiamondBlock"}, {"position": [2.0, 4.0, 6.0], "block_type": "DiamondBlock"}, {"position": [1.0, 4.0, 6.0], "block_type": "DiamondBlock"}, {"position": [1.0, 4.0, 7.0], "block_type": "DiamondBlock"}, {"position": [0.0, 4.0, 7.0], "block_type": "DiamondBlock"}, {"position": [0.0, 4.0, 6.0], "block_type": "DiamondBlock"}, {"position": [-1.0, 4.0, 6.0], "block_type": "DiamondBlock"}, {"position": [-1.0, 4.0, 7.0], "block_type": "DiamondBlock"}, {"position": [-2.0, 4.0, 7.0], "block_type": "DiamondBlock"}, {"position": [-2.0, 4.0, 6.0], "block_type": "DiamondBlock"}, {"position": [-2.0, 3.0, 4.0], "block_type": "DiamondBlock"}, {"position": [-2.0, 3.0, 5.0], "block_type": "DiamondBlock"}, {"position": [3.0, 0.0, 6.0], "block_type": "RedWoolVoxel"}, {"position": [2.0, 0.0, 6.0], "block_type": "RedWoolVoxel"}, {"position": [1.0, 0.0, 6.0], "block_type": "RedWoolVoxel"}, {"position": [0.0, 0.0, 6.0], "block_type": "RedWoolVoxel"}, {"position": [-1.0, 0.0, 6.0], "block_type": "RedWoolVoxel"}, {"position": [-1.0, 0.0, 5.0], "block_type": "RedWoolVoxel"}, {"position": [-1.0, 0.0, 3.0], "block_type": "RedWoolVoxel"}, {"position": [-1.0, 0.0, 4.0], "block_type": "RedWoolVoxel"}, {"position": [0.0, 0.0, 3.0], "block_type": "RedWoolVoxel"}, {"position": [0.0, 0.0, 4.0], "block_type": "RedWoolVoxel"}, {"position": [0.0, 0.0, 5.0], "block_type": "RedWoolVoxel"}, {"position": [3.0, 0.0, 3.0], "block_type": "RedWoolVoxel"}, {"position": [3.0, 0.0, 4.0], "block_type": "RedWoolVoxel"}, {"position": [3.0, 0.0, 5.0], "block_type": "RedWoolVoxel"}, {"position": [2.0, 0.0, 3.0], "block_type": "RedWoolVoxel"}, {"position": [2.0, 0.0, 4.0], "block_type": "RedWoolVoxel"}, {"position": [2.0, 0.0, 5.0], "block_type": "RedWoolVoxel"}, {"position": [1.0, 0.0, 3.0], "block_type": "RedWoolVoxel"}, {"position": [1.0, 0.0, 4.0], "block_type": "RedWoolVoxel"}, {"position": [1.0, 0.0, 5.0], "block_type": "RedWoolVoxel"}, {"position": [-2.0, 0.0, 5.0], "block_type": "RedWoolVoxel"}, {"position": [-2.0, 0.0, 4.0], "block_type": "RedWoolVoxel"}, {"position": [-3.0, 0.0, 4.0], "block_type": "GravelVoxel"}, {"position": [-3.0, 0.0, 5.0], "block_type": "GravelVoxel"}, {"position": [-4.0, 0.0, 5.0], "block_type": "GravelVoxel"}, {"position": [-4.0, 0.0, 4.0], "block_type": "GravelVoxel"}, {"position": [-5.0, 0.0, 4.0], "block_type": "GravelVoxel"}, {"position": [-5.0, 0.0, 5.0], "block_type": "GravelVoxel"}, {"position": [-6.0, 0.0, 4.0], "block_type": "GravelVoxel"}, {"position": [-6.0, 0.0, 5.0], "block_type": "GravelVoxel"}, {"position": [-5.0, 0.0, 3.0], "block_type": "GravelVoxel"}, {"position": [-6.0, 0.0, 3.0], "block_type": "GravelVoxel"}, {"position": [-6.0, 0.0, 2.0], "block_type": "GravelVoxel"}, {"position": [-5.0, 0.0, 2.0], "block_type": "GravelVoxel"}, {"position": [-5.0, 0.0, 1.0], "block_type": "GravelVoxel"}, {"position": [-6.0, 0.0, 1.0], "block_type": "GravelVoxel"}, {"position": [-6.0, 0.0, 0.0], "block_type": "GravelVoxel"}, {"position": [-5.0, 0.0, 0.0], "block_type": "GravelVoxel"}, {"position": [-6.0, -1.0, -1.0], "block_type": "GravelVoxel"}, {"position": [-5.0, -1.0, -1.0], "block_type": "GravelVoxel"}, {"position": [-6.0, -1.0, -2.0], "block_type": "GravelVoxel"}, {"position": [-5.0, -1.0, -2.0], "block_type": "GravelVoxel"}, {"position": [-6.0, -1.0, -3.0], "block_type": "GravelVoxel"}, {"position": [-5.0, -1.0, -3.0], "block_type": "GravelVoxel"}, {"position": [4.0, 2.0, 4.0], "block_type": "GlassVoxel"}, {"position": [4.0, 2.0, 5.0], "block_type": "GlassVoxel"}, {"position": [0.0, 2.0, 7.0], "block_type": "GlassVoxel"}, {"position": [2.0, 2.0, 7.0], "block_type": "GlassVoxel"}, {"position": [0.0, 2.0, 2.0], "block_type": "GlassVoxel"}, {"position": [2.0, 2.0, 2.0], "block_type": "GlassVoxel"}, {"position": [-3.0, 4.0, 7.0], "block_type": "ObsidianVoxel"}, {"position": [-3.0, 4.0, 6.0], "block_type": "ObsidianVoxel"}, {"position": [-3.0, 4.0, 5.0], "block_type": "ObsidianVoxel"}, {"position": [-3.0, 4.0, 4.0], "block_type": "ObsidianVoxel"}, {"position": [-3.0, 4.0, 3.0], "block_type": "ObsidianVoxel"}, {"position": [-3.0, 4.0, 2.0], "block_type": "ObsidianVoxel"}, {"position": [-2.0, 5.0, 7.0], "block_type": "ObsidianVoxel"}, {"position": [-2.0, 5.0, 6.0], "block_type": "ObsidianVoxel"}, {"position": [-2.0, 5.0, 5.0], "block_type": "ObsidianVoxel"}, {"position": [-2.0, 5.0, 4.0], "block_type": "ObsidianVoxel"}, {"position": [-2.0, 4.0, 1.0], "block_type": "ObsidianVoxel"}, {"position": [-1.0, 4.0, 1.0], "block_type": "ObsidianVoxel"}, {"position": [0.0, 4.0, 1.0], "block_type": "ObsidianVoxel"}, {"position": [1.0, 4.0, 1.0], "block_type": "ObsidianVoxel"}, {"position": [2.0, 4.0, 1.0], "block_type": "ObsidianVoxel"}, {"position": [3.0, 4.0, 1.0], "block_type": "ObsidianVoxel"}, {"position": [4.0, 4.0, 1.0], "block_type": "ObsidianVoxel"}, {"position": [5.0, 4.0, 7.0], "block_type": "ObsidianVoxel"}, {"position": [5.0, 4.0, 6.0], "block_type": "ObsidianVoxel"}, {"position": [5.0, 4.0, 5.0], "block_type": "ObsidianVoxel"}, {"position": [5.0, 4.0, 4.0], "block_type": "ObsidianVoxel"}, {"position": [5.0, 4.0, 3.0], "block_type": "ObsidianVoxel"}, {"position": [5.0, 4.0, 2.0], "block_type": "ObsidianVoxel"}, {"position": [-1.0, 4.0, 8.0], "block_type": "ObsidianVoxel"}, {"position": [0.0, 4.0, 8.0], "block_type": "ObsidianVoxel"}, {"position": [1.0, 4.0, 8.0], "block_type": "ObsidianVoxel"}, {"position": [2.0, 4.0, 8.0], "block_type": "ObsidianVoxel"}, {"position": [3.0, 4.0, 8.0], "block_type": "ObsidianVoxel"}, {"position": [4.0, 4.0, 8.0], "block_type": "ObsidianVoxel"}, {"position": [-2.0, 4.0, 8.0], "block_type": "ObsidianVoxel"}, {"position": [-3.0, 4.0, 8.0], "block_type": "ObsidianVoxel"}, {"position": [5.0, 4.0, 8.0], "block_type": "ObsidianVoxel"}, {"position": [5.0, 4.0, 1.0], "block_type": "ObsidianVoxel"}, {"position": [-3.0, 4.0, 1.0], "block_type": "ObsidianVoxel"}, {"position": [-2.0, 5.0, 3.0], "block_type": "ObsidianVoxel"}, {"position": [-2.0, 5.0, 2.0], "block_type": "ObsidianVoxel"}, {"position": [-1.0, 5.0, 2.0], "block_type": "ObsidianVoxel"}, {"position": [0.0, 5.0, 2.0], "block_type": "ObsidianVoxel"}, {"position": [1.0, 5.0, 2.0], "block_type": "ObsidianVoxel"}, {"position": [2.0, 5.0, 2.0], "block_type": "ObsidianVoxel"}, {"position": [3.0, 5.0, 2.0], "block_type": "ObsidianVoxel"}, {"position": [4.0, 5.0, 2.0], "block_type": "ObsidianVoxel"}, {"position": [4.0, 5.0, 3.0], "block_type": "ObsidianVoxel"}, {"position": [4.0, 5.0, 4.0], "block_type": "ObsidianVoxel"}, {"position": [4.0, 5.0, 5.0], "block_type": "ObsidianVoxel"}, {"position": [4.0, 5.0, 6.0], "block_type": "ObsidianVoxel"}, {"position": [4.0, 5.0, 7.0], "block_type": "ObsidianVoxel"}, {"position": [-1.0, 5.0, 7.0], "block_type": "ObsidianVoxel"}, {"position": [0.0, 5.0, 7.0], "block_type": "ObsidianVoxel"}, {"position": [1.0, 5.0, 7.0], "block_type": "ObsidianVoxel"}, {"position": [2.0, 5.0, 7.0], "block_type": "ObsidianVoxel"}, {"position": [3.0, 5.0, 7.0], "block_type": "ObsidianVoxel"}, {"position": [4.0, 6.0, 7.0], "block_type": "ObsidianVoxel"}, {"position": [3.0, 6.0, 7.0], "block_type": "ObsidianVoxel"}, {"position": [2.0, 6.0, 7.0], "block_type": "ObsidianVoxel"}, {"position": [1.0, 6.0, 7.0], "block_type": "ObsidianVoxel"}, {"position": [0.0, 6.0, 7.0], "block_type": "ObsidianVoxel"}, {"position": [-1.0, 6.0, 7.0], "block_type": "ObsidianVoxel"}, {"position": [-2.0, 6.0, 7.0], "block_type": "ObsidianVoxel"}, {"position": [-2.0, 6.0, 6.0], "block_type": "ObsidianVoxel"}, {"position": [-2.0, 6.0, 5.0], "block_type": "ObsidianVoxel"}, {"position": [-2.0, 6.0, 4.0], "block_type": "ObsidianVoxel"}, {"position": [-2.0, 6.0, 3.0], "block_type": "ObsidianVoxel"}, {"position": [-2.0, 6.0, 2.0], "block_type": "ObsidianVoxel"}, {"position": [-1.0, 6.0, 2.0], "block_type": "ObsidianVoxel"}, {"position": [0.0, 6.0, 2.0], "block_type": "ObsidianVoxel"}, {"position": [1.0, 6.0, 2.0], "block_type": "ObsidianVoxel"}, {"position": [2.0, 6.0, 2.0], "block_type": "ObsidianVoxel"}, {"position": [3.0, 6.0, 2.0], "block_type": "ObsidianVoxel"}, {"position": [4.0, 6.0, 2.0], "block_type": "ObsidianVoxel"}, {"position": [4.0, 6.0, 3.0], "block_type": "ObsidianVoxel"}, {"position": [4.0, 6.0, 4.0], "block_type": "ObsidianVoxel"}, {"position": [4.0, 6.0, 5.0], "block_type": "ObsidianVoxel"}, {"position": [4.0, 6.0, 6.0], "block_type": "ObsidianVoxel"}, {"position": [4.0, 7.0, 7.0], "block_type": "ObsidianVoxel"}, {"position": [4.0, 7.0, 6.0], "block_type": "ObsidianVoxel"}, {"position": [4.0, 7.0, 5.0], "block_type": "ObsidianVoxel"}, {"position": [4.0, 7.0, 4.0], "block_type": "ObsidianVoxel"}, {"position": [4.0, 7.0, 3.0], "block_type": "ObsidianVoxel"}, {"position": [4.0, 7.0, 2.0], "block_type": "ObsidianVoxel"}, {"position": [3.0, 7.0, 2.0], "block_type": "ObsidianVoxel"}, {"position": [2.0, 7.0, 2.0], "block_type": "ObsidianVoxel"}, {"position": [1.0, 7.0, 2.0], "block_type": "ObsidianVoxel"}, {"position": [0.0, 7.0, 2.0], "block_type": "ObsidianVoxel"}, {"position": [-1.0, 7.0, 2.0], "block_type": "ObsidianVoxel"}, {"position": [-2.0, 7.0, 2.0], "block_type": "ObsidianVoxel"}, {"position": [-2.0, 7.0, 3.0], "block_type": "ObsidianVoxel"}, {"position": [-2.0, 7.0, 4.0], "block_type": "ObsidianVoxel"}, {"position": [-2.0, 7.0, 5.0], "block_type": "ObsidianVoxel"}, {"position": [-1.0, 7.0, 7.0], "block_type": "ObsidianVoxel"}, {"position": [-2.0, 7.0, 7.0], "block_type": "ObsidianVoxel"}, {"position": [-2.0, 7.0, 6.0], "block_type": "ObsidianVoxel"}, {"position": [3.0, 7.0, 7.0], "block_type": "ObsidianVoxel"}, {"position": [2.0, 7.0, 7.0], "block_type": "ObsidianVoxel"}, {"position": [1.0, 7.0, 7.0], "block_type": "ObsidianVoxel"}, {"position": [0.0, 7.0, 7.0], "block_type": "ObsidianVoxel"}, {"position": [4.0, 8.0, 7.0], "block_type": "ObsidianVoxel"}, {"position": [3.0, 8.0, 7.0], "block_type": "ObsidianVoxel"}, {"position": [2.0, 8.0, 7.0], "block_type": "ObsidianVoxel"}, {"position": [1.0, 8.0, 7.0], "block_type": "ObsidianVoxel"}, {"position": [0.0, 8.0, 7.0], "block_type": "ObsidianVoxel"}, {"position": [-1.0, 8.0, 7.0], "block_type": "ObsidianVoxel"}, {"position": [-2.0, 8.0, 7.0], "block_type": "ObsidianVoxel"}, {"position": [-2.0, 8.0, 6.0], "block_type": "ObsidianVoxel"}, {"position": [-2.0, 8.0, 5.0], "block_type": "ObsidianVoxel"}, {"position": [-2.0, 8.0, 4.0], "block_type": "ObsidianVoxel"}, {"position": [-2.0, 8.0, 3.0], "block_type": "ObsidianVoxel"}, {"position": [-2.0, 8.0, 2.0], "block_type": "ObsidianVoxel"}, {"position": [-1.0, 8.0, 2.0], "block_type": "ObsidianVoxel"}, {"position": [0.0, 8.0, 2.0], "block_type": "ObsidianVoxel"}, {"position": [1.0, 8.0, 2.0], "block_type": "ObsidianVoxel"}, {"position": [2.0, 8.0, 2.0], "block_type": "ObsidianVoxel"}, {"position": [3.0, 8.0, 2.0], "block_type": "ObsidianVoxel"}, {"position": [4.0, 8.0, 2.0], "block_type": "ObsidianVoxel"}, {"position": [4.0, 8.0, 6.0], "block_type": "ObsidianVoxel"}, {"position": [4.0, 8.0, 5.0], "block_type": "ObsidianVoxel"}, {"position": [4.0, 8.0, 4.0], "block_type": "ObsidianVoxel"}, {"position": [4.0, 8.0, 3.0], "block_type": "ObsidianVoxel"}, {"position": [4.0, 9.0, 2.0], "block_type": "ObsidianVoxel"}, {"position": [3.0, 9.0, 2.0], "block_type": "ObsidianVoxel"}, {"position": [3.0, 9.0, 3.0], "block_type": "ObsidianVoxel"}, {"position": [3.0, 9.0, 4.0], "block_type": "ObsidianVoxel"}, {"position": [3.0, 9.0, 5.0], "block_type": "ObsidianVoxel"}, {"position": [3.0, 9.0, 6.0], "block_type": "ObsidianVoxel"}, {"position": [2.0, 9.0, 6.0], "block_type": "ObsidianVoxel"}, {"position": [1.0, 9.0, 6.0], "block_type": "ObsidianVoxel"}, {"position": [0.0, 9.0, 6.0], "block_type": "ObsidianVoxel"}, {"position": [-1.0, 9.0, 6.0], "block_type": "ObsidianVoxel"}, {"position": [4.0, 9.0, 7.0], "block_type": "ObsidianVoxel"}, {"position": [3.0, 9.0, 7.0], "block_type": "ObsidianVoxel"}, {"position": [2.0, 9.0, 7.0], "block_type": "ObsidianVoxel"}, {"position": [1.0, 9.0, 7.0], "block_type": "ObsidianVoxel"}, {"position": [0.0, 9.0, 7.0], "block_type": "ObsidianVoxel"}, {"position": [-1.0, 9.0, 7.0], "block_type": "ObsidianVoxel"}, {"position": [-2.0, 9.0, 7.0], "block_type": "ObsidianVoxel"}, {"position": [-2.0, 9.0, 6.0], "block_type": "ObsidianVoxel"}, {"position": [-2.0, 9.0, 5.0], "block_type": "ObsidianVoxel"}, {"position": [-2.0, 9.0, 4.0], "block_type": "ObsidianVoxel"}, {"position": [-2.0, 9.0, 3.0], "block_type": "ObsidianVoxel"}, {"position": [-2.0, 9.0, 2.0], "block_type": "ObsidianVoxel"}, {"position": [2.0, 9.0, 2.0], "block_type": "ObsidianVoxel"}, {"position": [1.0, 9.0, 2.0], "block_type": "ObsidianVoxel"}, {"position": [0.0, 9.0, 2.0], "block_type": "ObsidianVoxel"}, {"position": [-1.0, 9.0, 2.0], "block_type": "ObsidianVoxel"}, {"position": [4.0, 9.0, 6.0], "block_type": "ObsidianVoxel"}, {"position": [4.0, 9.0, 5.0], "block_type": "ObsidianVoxel"}, {"position": [4.0, 9.0, 4.0], "block_type": "ObsidianVoxel"}, {"position": [4.0, 9.0, 3.0], "block_type": "ObsidianVoxel"}, {"position": [2.0, 9.0, 5.0], "block_type": "ObsidianVoxel"}, {"position": [2.0, 9.0, 4.0], "block_type": "ObsidianVoxel"}, {"position": [2.0, 9.0, 3.0], "block_type": "ObsidianVoxel"}, {"position": [-1.0, 9.0, 5.0], "block_type": "ObsidianVoxel"}, {"position": [0.0, 9.0, 5.0], "block_type": "ObsidianVoxel"}, {"position": [1.0, 9.0, 5.0], "block_type": "ObsidianVoxel"}, {"position": [1.0, 9.0, 4.0], "block_type": "ObsidianVoxel"}, {"position": [0.0, 9.0, 4.0], "block_type": "ObsidianVoxel"}, {"position": [-1.0, 9.0, 4.0], "block_type": "ObsidianVoxel"}, {"position": [-1.0, 9.0, 3.0], "block_type": "ObsidianVoxel"}, {"position": [0.0, 9.0, 3.0], "block_type": "ObsidianVoxel"}, {"position": [1.0, 9.0, 3.0], "block_type": "ObsidianVoxel"}, {"position": [0.0, 1.0, 3.0], "block_type": "OakPlanksVoxel"}, {"position": [1.0, 1.0, 3.0], "block_type": "OakPlanksVoxel"}, {"position": [1.0, 2.0, 3.0], "block_type": "OakPlanksVoxel"}, {"position": [2.0, 1.0, 3.0], "block_type": "OakPlanksVoxel"}, {"position": [2.0, 3.0, 3.0], "block_type": "OakPlanksVoxel"}, {"position": [3.0, 4.0, 3.0], "block_type": "OakPlanksVoxel"}, {"position": [3.0, 3.0, 3.0], "block_type": "OakPlanksVoxel"}, {"position": [3.0, 2.0, 3.0], "block_type": "OakPlanksVoxel"}, {"position": [3.0, 1.0, 3.0], "block_type": "OakPlanksVoxel"}, {"position": [2.0, 1.0, 6.0], "block_type": "RedWoolVoxel"}, {"position": [2.0, 1.0, 5.0], "block_type": "RedWoolVoxel"}, {"position": [1.0, 1.0, 5.0], "block_type": "RedWoolVoxel"}, {"position": [1.0, 1.0, 6.0], "block_type": "RedWoolVoxel"}, {"position": [3.0, 1.0, 6.0], "block_type": "WhiteWoolVoxel"}, {"position": [3.0, 1.0, 5.0], "block_type": "WhiteWoolVoxel"}, {"position": [0.0, 5.0, 6.0], "block_type": "RedWoolVoxel"}, {"position": [-1.0, 5.0, 6.0], "block_type": "WhiteWoolVoxel"}, {"position": [1.0, 5.0, 6.0], "block_type": "RedWoolVoxel"}, {"position": [-1.0, 5.0, 5.0], "block_type": "CraftingTableVoxel"}, {"position": [3.0, 1.0, 4.0], "block_type": "CraftingTableVoxel"}, {"position": [-5.0, 0.0, 0.0], "block_type": "GravelVoxel"}, {"position": [-4.0, -1.0, 0.0], "block_type": "BrownVoxel"}, {"position": [-4.0, 0.0, 0.0], "block_type": "GroundVoxel"}], "player_position": [-5.163071632385254, -1.0, -2.533167600631714], "world_size": [8, -5], "world_version": "2.2", "last_save_date": "2025-01-17", "creative": true, "hotbar": ["DiamondBlock", "OakPlanksVoxel", "RedWoolVoxel", "WhiteWoolVoxel", "BrownVoxel", "RedWoolVoxel", "ObsidianVoxel", "GroundVoxel", "DiamondBlock"], "world_seed": 812181}