{"world_data": [{"position": [-5, -4, -5], "block_type": "Bedrock"}, {"position": [-5, -3, -5], "block_type": "Voxel"}, {"position": [-5, -2, -5], "block_type": "BrownVoxel"}, {"position": [-5, -1, -5], "block_type": "BrownVoxel"}, {"position": [-5, 0, -5], "block_type": "GroundVoxel"}, {"position": [-4, -4, -5], "block_type": "Bedrock"}, {"position": [-4, -3, -5], "block_type": "Voxel"}, {"position": [-4, -2, -5], "block_type": "BrownVoxel"}, {"position": [-4, -1, -5], "block_type": "BrownVoxel"}, {"position": [-4, 0, -5], "block_type": "GroundVoxel"}, {"position": [-3, -4, -5], "block_type": "Bedrock"}, {"position": [-3, -3, -5], "block_type": "Voxel"}, {"position": [-3, -2, -5], "block_type": "BrownVoxel"}, {"position": [-3, -1, -5], "block_type": "BrownVoxel"}, {"position": [-3, 0, -5], "block_type": "GroundVoxel"}, {"position": [-2, -4, -5], "block_type": "Bedrock"}, {"position": [-2, -3, -5], "block_type": "Voxel"}, {"position": [-2, -2, -5], "block_type": "BrownVoxel"}, {"position": [-2, -1, -5], "block_type": "BrownVoxel"}, {"position": [-2, 0, -5], "block_type": "GroundVoxel"}, {"position": [-1, -4, -5], "block_type": "Bedrock"}, {"position": [-1, -3, -5], "block_type": "Voxel"}, {"position": [-1, -2, -5], "block_type": "BrownVoxel"}, {"position": [-1, -1, -5], "block_type": "BrownVoxel"}, {"position": [-1, 0, -5], "block_type": "GroundVoxel"}, {"position": [0, -4, -5], "block_type": "Bedrock"}, {"position": [0, -3, -5], "block_type": "Voxel"}, {"position": [0, -2, -5], "block_type": "BrownVoxel"}, {"position": [0, -1, -5], "block_type": "BrownVoxel"}, {"position": [0, 0, -5], "block_type": "GroundVoxel"}, {"position": [1, -4, -5], "block_type": "Bedrock"}, {"position": [1, -3, -5], "block_type": "Voxel"}, {"position": [1, -2, -5], "block_type": "BrownVoxel"}, {"position": [1, -1, -5], "block_type": "BrownVoxel"}, {"position": [1, 0, -5], "block_type": "GroundVoxel"}, {"position": [2, -4, -5], "block_type": "Bedrock"}, {"position": [2, -1, -5], "block_type": "BrownVoxel"}, {"position": [2, 0, -5], "block_type": "BrownVoxel"}, {"position": [2, 1, -5], "block_type": "GroundVoxel"}, {"position": [3, -4, -5], "block_type": "Bedrock"}, {"position": [3, -3, -5], "block_type": "Voxel"}, {"position": [3, -2, -5], "block_type": "Voxel"}, {"position": [3, -1, -5], "block_type": "BrownVoxel"}, {"position": [3, 0, -5], "block_type": "BrownVoxel"}, {"position": [3, 1, -5], "block_type": "GroundVoxel"}, {"position": [4, -4, -5], "block_type": "Bedrock"}, {"position": [4, -3, -5], "block_type": "Voxel"}, {"position": [4, -2, -5], "block_type": "Voxel"}, {"position": [4, -1, -5], "block_type": "BrownVoxel"}, {"position": [4, 0, -5], "block_type": "BrownVoxel"}, {"position": [4, 1, -5], "block_type": "GroundVoxel"}, {"position": [-5, -4, -4], "block_type": "Bedrock"}, {"position": [-5, -3, -4], "block_type": "Voxel"}, {"position": [-5, -2, -4], "block_type": "BrownVoxel"}, {"position": [-5, -1, -4], "block_type": "BrownVoxel"}, {"position": [-5, 0, -4], "block_type": "GroundVoxel"}, {"position": [-4, -4, -4], "block_type": "Bedrock"}, {"position": [-4, -3, -4], "block_type": "Voxel"}, {"position": [-4, -2, -4], "block_type": "BrownVoxel"}, {"position": [-4, -1, -4], "block_type": "BrownVoxel"}, {"position": [-4, 0, -4], "block_type": "GroundVoxel"}, {"position": [-3, -4, -4], "block_type": "Bedrock"}, {"position": [-3, -3, -4], "block_type": "Voxel"}, {"position": [-3, -2, -4], "block_type": "BrownVoxel"}, {"position": [-3, -1, -4], "block_type": "BrownVoxel"}, {"position": [-3, 0, -4], "block_type": "GroundVoxel"}, {"position": [-2, -4, -4], "block_type": "Bedrock"}, {"position": [-2, -3, -4], "block_type": "Voxel"}, {"position": [-2, -2, -4], "block_type": "BrownVoxel"}, {"position": [-2, -1, -4], "block_type": "BrownVoxel"}, {"position": [-2, 0, -4], "block_type": "GroundVoxel"}, {"position": [-1, -4, -4], "block_type": "Bedrock"}, {"position": [-1, -3, -4], "block_type": "Voxel"}, {"position": [-1, -2, -4], "block_type": "BrownVoxel"}, {"position": [-1, -1, -4], "block_type": "BrownVoxel"}, {"position": [-1, 0, -4], "block_type": "GroundVoxel"}, {"position": [0, -4, -4], "block_type": "Bedrock"}, {"position": [0, -3, -4], "block_type": "Voxel"}, {"position": [0, -2, -4], "block_type": "BrownVoxel"}, {"position": [0, -1, -4], "block_type": "BrownVoxel"}, {"position": [0, 0, -4], "block_type": "GroundVoxel"}, {"position": [1, -4, -4], "block_type": "Bedrock"}, {"position": [1, -3, -4], "block_type": "Voxel"}, {"position": [1, -2, -4], "block_type": "BrownVoxel"}, {"position": [1, -1, -4], "block_type": "BrownVoxel"}, {"position": [1, 0, -4], "block_type": "GroundVoxel"}, {"position": [2, -4, -4], "block_type": "Bedrock"}, {"position": [2, -1, -4], "block_type": "BrownVoxel"}, {"position": [2, 0, -4], "block_type": "BrownVoxel"}, {"position": [2, 1, -4], "block_type": "GroundVoxel"}, {"position": [3, -4, -4], "block_type": "Bedrock"}, {"position": [3, -3, -4], "block_type": "Voxel"}, {"position": [3, -2, -4], "block_type": "Voxel"}, {"position": [3, -1, -4], "block_type": "BrownVoxel"}, {"position": [3, 0, -4], "block_type": "BrownVoxel"}, {"position": [3, 1, -4], "block_type": "GroundVoxel"}, {"position": [4, -4, -4], "block_type": "Bedrock"}, {"position": [4, -3, -4], "block_type": "Voxel"}, {"position": [4, -2, -4], "block_type": "Voxel"}, {"position": [4, -1, -4], "block_type": "BrownVoxel"}, {"position": [4, 0, -4], "block_type": "BrownVoxel"}, {"position": [4, 1, -4], "block_type": "GroundVoxel"}, {"position": [-5, -4, -3], "block_type": "Bedrock"}, {"position": [-5, -3, -3], "block_type": "BrownVoxel"}, {"position": [-5, -2, -3], "block_type": "BrownVoxel"}, {"position": [-5, -1, -3], "block_type": "GroundVoxel"}, {"position": [-4, -4, -3], "block_type": "Bedrock"}, {"position": [-4, -3, -3], "block_type": "BrownVoxel"}, {"position": [-4, -2, -3], "block_type": "BrownVoxel"}, {"position": [-4, -1, -3], "block_type": "GroundVoxel"}, {"position": [-3, -4, -3], "block_type": "Bedrock"}, {"position": [-3, -3, -3], "block_type": "BrownVoxel"}, {"position": [-3, -2, -3], "block_type": "BrownVoxel"}, {"position": [-3, -1, -3], "block_type": "GroundVoxel"}, {"position": [-2, -4, -3], "block_type": "Bedrock"}, {"position": [-2, -3, -3], "block_type": "BrownVoxel"}, {"position": [-2, -2, -3], "block_type": "BrownVoxel"}, {"position": [-2, -1, -3], "block_type": "GroundVoxel"}, {"position": [-1, -4, -3], "block_type": "Bedrock"}, {"position": [-1, -3, -3], "block_type": "CoalOreVoxel"}, {"position": [-1, -2, -3], "block_type": "BrownVoxel"}, {"position": [-1, -1, -3], "block_type": "BrownVoxel"}, {"position": [-1, 0, -3], "block_type": "GroundVoxel"}, {"position": [0, -4, -3], "block_type": "Bedrock"}, {"position": [0, -3, -3], "block_type": "Voxel"}, {"position": [0, -2, -3], "block_type": "BrownVoxel"}, {"position": [0, -1, -3], "block_type": "BrownVoxel"}, {"position": [0, 0, -3], "block_type": "GroundVoxel"}, {"position": [1, -4, -3], "block_type": "Bedrock"}, {"position": [1, -3, -3], "block_type": "Voxel"}, {"position": [1, -2, -3], "block_type": "BrownVoxel"}, {"position": [1, -1, -3], "block_type": "BrownVoxel"}, {"position": [1, 0, -3], "block_type": "GroundVoxel"}, {"position": [2, -4, -3], "block_type": "Bedrock"}, {"position": [2, -1, -3], "block_type": "BrownVoxel"}, {"position": [2, 0, -3], "block_type": "GroundVoxel"}, {"position": [3, -4, -3], "block_type": "Bedrock"}, {"position": [3, -3, -3], "block_type": "Voxel"}, {"position": [3, -2, -3], "block_type": "Voxel"}, {"position": [3, -1, -3], "block_type": "BrownVoxel"}, {"position": [3, 0, -3], "block_type": "BrownVoxel"}, {"position": [3, 2, -3], "block_type": "OakLogVoxel"}, {"position": [3, 3, -3], "block_type": "OakLogVoxel"}, {"position": [3, 4, -3], "block_type": "OakLogVoxel"}, {"position": [3, 4, -2], "block_type": "TreeLeavesVoxel"}, {"position": [4, 4, -2], "block_type": "TreeLeavesVoxel"}, {"position": [2, 4, -2], "block_type": "TreeLeavesVoxel"}, {"position": [3, 4, -4], "block_type": "TreeLeavesVoxel"}, {"position": [4, 4, -4], "block_type": "TreeLeavesVoxel"}, {"position": [2, 4, -4], "block_type": "TreeLeavesVoxel"}, {"position": [4, 4, -3], "block_type": "TreeLeavesVoxel"}, {"position": [2, 4, -3], "block_type": "TreeLeavesVoxel"}, {"position": [3, 5, -2], "block_type": "TreeLeavesVoxel"}, {"position": [4, 5, -2], "block_type": "TreeLeavesVoxel"}, {"position": [2, 5, -2], "block_type": "TreeLeavesVoxel"}, {"position": [3, 5, -4], "block_type": "TreeLeavesVoxel"}, {"position": [4, 5, -4], "block_type": "TreeLeavesVoxel"}, {"position": [2, 5, -4], "block_type": "TreeLeavesVoxel"}, {"position": [4, 5, -3], "block_type": "TreeLeavesVoxel"}, {"position": [2, 5, -3], "block_type": "TreeLeavesVoxel"}, {"position": [3, 6, -3], "block_type": "TreeLeavesVoxel"}, {"position": [3, 1, -3], "block_type": "GroundVoxel"}, {"position": [4, -4, -3], "block_type": "Bedrock"}, {"position": [4, -3, -3], "block_type": "Voxel"}, {"position": [4, -2, -3], "block_type": "Voxel"}, {"position": [4, -1, -3], "block_type": "BrownVoxel"}, {"position": [4, 0, -3], "block_type": "BrownVoxel"}, {"position": [4, 1, -3], "block_type": "GroundVoxel"}, {"position": [-5, -4, -2], "block_type": "Bedrock"}, {"position": [-5, -3, -2], "block_type": "BrownVoxel"}, {"position": [-5, -2, -2], "block_type": "BrownVoxel"}, {"position": [-5, -1, -2], "block_type": "GroundVoxel"}, {"position": [-4, -4, -2], "block_type": "Bedrock"}, {"position": [-4, -3, -2], "block_type": "BrownVoxel"}, {"position": [-4, -2, -2], "block_type": "BrownVoxel"}, {"position": [-4, -1, -2], "block_type": "GroundVoxel"}, {"position": [-3, -4, -2], "block_type": "Bedrock"}, {"position": [-3, -3, -2], "block_type": "BrownVoxel"}, {"position": [-3, -2, -2], "block_type": "BrownVoxel"}, {"position": [-3, -1, -2], "block_type": "GroundVoxel"}, {"position": [-2, -4, -2], "block_type": "Bedrock"}, {"position": [-2, -3, -2], "block_type": "BrownVoxel"}, {"position": [-2, -2, -2], "block_type": "BrownVoxel"}, {"position": [-2, -1, -2], "block_type": "GroundVoxel"}, {"position": [-1, -4, -2], "block_type": "Bedrock"}, {"position": [-1, -3, -2], "block_type": "BrownVoxel"}, {"position": [-1, -2, -2], "block_type": "BrownVoxel"}, {"position": [-1, -1, -2], "block_type": "GroundVoxel"}, {"position": [0, -4, -2], "block_type": "Bedrock"}, {"position": [0, -3, -2], "block_type": "Voxel"}, {"position": [0, -2, -2], "block_type": "BrownVoxel"}, {"position": [0, -1, -2], "block_type": "BrownVoxel"}, {"position": [0, 0, -2], "block_type": "GroundVoxel"}, {"position": [1, -4, -2], "block_type": "Bedrock"}, {"position": [1, -3, -2], "block_type": "Voxel"}, {"position": [1, -2, -2], "block_type": "BrownVoxel"}, {"position": [1, -1, -2], "block_type": "BrownVoxel"}, {"position": [1, 0, -2], "block_type": "GroundVoxel"}, {"position": [2, -4, -2], "block_type": "Bedrock"}, {"position": [2, -1, -2], "block_type": "BrownVoxel"}, {"position": [2, 0, -2], "block_type": "GroundVoxel"}, {"position": [3, -4, -2], "block_type": "Bedrock"}, {"position": [3, -3, -2], "block_type": "Voxel"}, {"position": [3, -2, -2], "block_type": "BrownVoxel"}, {"position": [3, -1, -2], "block_type": "BrownVoxel"}, {"position": [3, 0, -2], "block_type": "GroundVoxel"}, {"position": [4, -4, -2], "block_type": "Bedrock"}, {"position": [4, -3, -2], "block_type": "Voxel"}, {"position": [4, -2, -2], "block_type": "BrownVoxel"}, {"position": [4, -1, -2], "block_type": "BrownVoxel"}, {"position": [4, 0, -2], "block_type": "GroundVoxel"}, {"position": [-5, -4, -1], "block_type": "Bedrock"}, {"position": [-5, -3, -1], "block_type": "BrownVoxel"}, {"position": [-5, -2, -1], "block_type": "BrownVoxel"}, {"position": [-5, -1, -1], "block_type": "GroundVoxel"}, {"position": [-4, -4, -1], "block_type": "Bedrock"}, {"position": [-4, -3, -1], "block_type": "BrownVoxel"}, {"position": [-4, -2, -1], "block_type": "BrownVoxel"}, {"position": [-4, -1, -1], "block_type": "GroundVoxel"}, {"position": [-3, -4, -1], "block_type": "Bedrock"}, {"position": [-3, -3, -1], "block_type": "BrownVoxel"}, {"position": [-3, -2, -1], "block_type": "BrownVoxel"}, {"position": [-3, -1, -1], "block_type": "GroundVoxel"}, {"position": [-2, -4, -1], "block_type": "Bedrock"}, {"position": [-2, -3, -1], "block_type": "BrownVoxel"}, {"position": [-2, -2, -1], "block_type": "BrownVoxel"}, {"position": [-2, -1, -1], "block_type": "GroundVoxel"}, {"position": [-1, -4, -1], "block_type": "Bedrock"}, {"position": [-1, -3, -1], "block_type": "BrownVoxel"}, {"position": [-1, -2, -1], "block_type": "BrownVoxel"}, {"position": [-1, -1, -1], "block_type": "GroundVoxel"}, {"position": [0, -4, -1], "block_type": "Bedrock"}, {"position": [0, -3, -1], "block_type": "CoalOreVoxel"}, {"position": [0, -2, -1], "block_type": "BrownVoxel"}, {"position": [0, -1, -1], "block_type": "BrownVoxel"}, {"position": [0, 0, -1], "block_type": "GroundVoxel"}, {"position": [1, -4, -1], "block_type": "Bedrock"}, {"position": [1, -3, -1], "block_type": "CoalOreVoxel"}, {"position": [1, -2, -1], "block_type": "BrownVoxel"}, {"position": [1, -1, -1], "block_type": "BrownVoxel"}, {"position": [1, 0, -1], "block_type": "GroundVoxel"}, {"position": [2, -4, -1], "block_type": "Bedrock"}, {"position": [2, -1, -1], "block_type": "BrownVoxel"}, {"position": [2, 0, -1], "block_type": "GroundVoxel"}, {"position": [3, -4, -1], "block_type": "Bedrock"}, {"position": [3, -3, -1], "block_type": "Voxel"}, {"position": [3, -2, -1], "block_type": "BrownVoxel"}, {"position": [3, -1, -1], "block_type": "BrownVoxel"}, {"position": [3, 0, -1], "block_type": "GroundVoxel"}, {"position": [4, -4, -1], "block_type": "Bedrock"}, {"position": [4, -3, -1], "block_type": "Voxel"}, {"position": [4, -2, -1], "block_type": "BrownVoxel"}, {"position": [4, -1, -1], "block_type": "BrownVoxel"}, {"position": [4, 0, -1], "block_type": "GroundVoxel"}, {"position": [-5, -4, 0], "block_type": "Bedrock"}, {"position": [-5, -3, 0], "block_type": "BrownVoxel"}, {"position": [-5, -2, 0], "block_type": "BrownVoxel"}, {"position": [-5, -1, 0], "block_type": "GroundVoxel"}, {"position": [-4, -4, 0], "block_type": "Bedrock"}, {"position": [-4, -3, 0], "block_type": "BrownVoxel"}, {"position": [-4, -2, 0], "block_type": "BrownVoxel"}, {"position": [-4, -1, 0], "block_type": "GroundVoxel"}, {"position": [-3, -4, 0], "block_type": "Bedrock"}, {"position": [-3, -3, 0], "block_type": "BrownVoxel"}, {"position": [-3, -2, 0], "block_type": "BrownVoxel"}, {"position": [-3, -1, 0], "block_type": "GroundVoxel"}, {"position": [-2, -4, 0], "block_type": "Bedrock"}, {"position": [-2, -3, 0], "block_type": "BrownVoxel"}, {"position": [-2, -2, 0], "block_type": "BrownVoxel"}, {"position": [-2, -1, 0], "block_type": "GroundVoxel"}, {"position": [-1, -4, 0], "block_type": "Bedrock"}, {"position": [-1, -3, 0], "block_type": "BrownVoxel"}, {"position": [-1, -2, 0], "block_type": "BrownVoxel"}, {"position": [-1, -1, 0], "block_type": "GroundVoxel"}, {"position": [0, -4, 0], "block_type": "Bedrock"}, {"position": [0, -3, 0], "block_type": "Voxel"}, {"position": [0, -2, 0], "block_type": "BrownVoxel"}, {"position": [0, -1, 0], "block_type": "BrownVoxel"}, {"position": [0, 0, 0], "block_type": "GroundVoxel"}, {"position": [1, -4, 0], "block_type": "Bedrock"}, {"position": [1, -3, 0], "block_type": "Voxel"}, {"position": [1, -2, 0], "block_type": "BrownVoxel"}, {"position": [1, -1, 0], "block_type": "BrownVoxel"}, {"position": [1, 0, 0], "block_type": "GroundVoxel"}, {"position": [2, -4, 0], "block_type": "Bedrock"}, {"position": [2, -1, 0], "block_type": "BrownVoxel"}, {"position": [2, 0, 0], "block_type": "GroundVoxel"}, {"position": [3, -4, 0], "block_type": "Bedrock"}, {"position": [3, -3, 0], "block_type": "Voxel"}, {"position": [3, -2, 0], "block_type": "BrownVoxel"}, {"position": [3, -1, 0], "block_type": "BrownVoxel"}, {"position": [3, 0, 0], "block_type": "GroundVoxel"}, {"position": [4, -4, 0], "block_type": "Bedrock"}, {"position": [4, -3, 0], "block_type": "Voxel"}, {"position": [4, -2, 0], "block_type": "BrownVoxel"}, {"position": [4, -1, 0], "block_type": "BrownVoxel"}, {"position": [4, 0, 0], "block_type": "GroundVoxel"}, {"position": [-5, -4, 1], "block_type": "Bedrock"}, {"position": [-5, -3, 1], "block_type": "BrownVoxel"}, {"position": [-5, -2, 1], "block_type": "BrownVoxel"}, {"position": [-5, -1, 1], "block_type": "GroundVoxel"}, {"position": [-4, -4, 1], "block_type": "Bedrock"}, {"position": [-4, -3, 1], "block_type": "BrownVoxel"}, {"position": [-4, -2, 1], "block_type": "BrownVoxel"}, {"position": [-4, -1, 1], "block_type": "GroundVoxel"}, {"position": [-3, -4, 1], "block_type": "Bedrock"}, {"position": [-3, -3, 1], "block_type": "BrownVoxel"}, {"position": [-3, -2, 1], "block_type": "BrownVoxel"}, {"position": [-3, -1, 1], "block_type": "GroundVoxel"}, {"position": [-2, -4, 1], "block_type": "Bedrock"}, {"position": [-2, -3, 1], "block_type": "BrownVoxel"}, {"position": [-2, -2, 1], "block_type": "BrownVoxel"}, {"position": [-2, -1, 1], "block_type": "GroundVoxel"}, {"position": [-1, -4, 1], "block_type": "Bedrock"}, {"position": [-1, -3, 1], "block_type": "BrownVoxel"}, {"position": [-1, -2, 1], "block_type": "BrownVoxel"}, {"position": [-1, -1, 1], "block_type": "GroundVoxel"}, {"position": [0, -4, 1], "block_type": "Bedrock"}, {"position": [0, -3, 1], "block_type": "BrownVoxel"}, {"position": [0, -2, 1], "block_type": "BrownVoxel"}, {"position": [0, -1, 1], "block_type": "GroundVoxel"}, {"position": [1, -4, 1], "block_type": "Bedrock"}, {"position": [1, -3, 1], "block_type": "Voxel"}, {"position": [1, -2, 1], "block_type": "BrownVoxel"}, {"position": [1, -1, 1], "block_type": "BrownVoxel"}, {"position": [1, 0, 1], "block_type": "GroundVoxel"}, {"position": [2, -4, 1], "block_type": "Bedrock"}, {"position": [2, -1, 1], "block_type": "BrownVoxel"}, {"position": [2, 0, 1], "block_type": "GroundVoxel"}, {"position": [3, -4, 1], "block_type": "Bedrock"}, {"position": [3, -3, 1], "block_type": "Voxel"}, {"position": [3, -2, 1], "block_type": "BrownVoxel"}, {"position": [3, -1, 1], "block_type": "BrownVoxel"}, {"position": [3, 0, 1], "block_type": "GroundVoxel"}, {"position": [4, -4, 1], "block_type": "Bedrock"}, {"position": [4, -3, 1], "block_type": "Voxel"}, {"position": [4, -2, 1], "block_type": "BrownVoxel"}, {"position": [4, -1, 1], "block_type": "BrownVoxel"}, {"position": [4, 0, 1], "block_type": "GroundVoxel"}, {"position": [-5, -4, 2], "block_type": "Bedrock"}, {"position": [-5, -3, 2], "block_type": "BrownVoxel"}, {"position": [-5, -2, 2], "block_type": "BrownVoxel"}, {"position": [-5, -1, 2], "block_type": "GroundVoxel"}, {"position": [-4, -4, 2], "block_type": "Bedrock"}, {"position": [-4, -3, 2], "block_type": "BrownVoxel"}, {"position": [-4, -2, 2], "block_type": "BrownVoxel"}, {"position": [-4, -1, 2], "block_type": "GroundVoxel"}, {"position": [-3, -4, 2], "block_type": "Bedrock"}, {"position": [-3, -3, 2], "block_type": "BrownVoxel"}, {"position": [-3, -2, 2], "block_type": "BrownVoxel"}, {"position": [-3, -1, 2], "block_type": "GroundVoxel"}, {"position": [-2, -4, 2], "block_type": "Bedrock"}, {"position": [-2, -3, 2], "block_type": "BrownVoxel"}, {"position": [-2, -2, 2], "block_type": "BrownVoxel"}, {"position": [-2, -1, 2], "block_type": "GroundVoxel"}, {"position": [-1, -4, 2], "block_type": "Bedrock"}, {"position": [-1, -3, 2], "block_type": "BrownVoxel"}, {"position": [-1, -2, 2], "block_type": "BrownVoxel"}, {"position": [-1, -1, 2], "block_type": "GroundVoxel"}, {"position": [0, -4, 2], "block_type": "Bedrock"}, {"position": [0, -3, 2], "block_type": "BrownVoxel"}, {"position": [0, -2, 2], "block_type": "BrownVoxel"}, {"position": [0, -1, 2], "block_type": "GroundVoxel"}, {"position": [1, -4, 2], "block_type": "Bedrock"}, {"position": [1, -3, 2], "block_type": "Voxel"}, {"position": [1, -2, 2], "block_type": "BrownVoxel"}, {"position": [2, -4, 2], "block_type": "Bedrock"}, {"position": [3, -4, 2], "block_type": "Bedrock"}, {"position": [3, -3, 2], "block_type": "Voxel"}, {"position": [3, -2, 2], "block_type": "BrownVoxel"}, {"position": [3, 0, 2], "block_type": "GroundVoxel"}, {"position": [4, -4, 2], "block_type": "Bedrock"}, {"position": [4, -3, 2], "block_type": "Voxel"}, {"position": [4, -2, 2], "block_type": "BrownVoxel"}, {"position": [4, -1, 2], "block_type": "BrownVoxel"}, {"position": [4, 0, 2], "block_type": "GroundVoxel"}, {"position": [-5, -4, 3], "block_type": "Bedrock"}, {"position": [-5, -3, 3], "block_type": "BrownVoxel"}, {"position": [-5, -2, 3], "block_type": "BrownVoxel"}, {"position": [-5, -1, 3], "block_type": "GroundVoxel"}, {"position": [-4, -4, 3], "block_type": "Bedrock"}, {"position": [-4, -3, 3], "block_type": "BrownVoxel"}, {"position": [-4, -2, 3], "block_type": "BrownVoxel"}, {"position": [-4, -1, 3], "block_type": "GroundVoxel"}, {"position": [-3, -4, 3], "block_type": "Bedrock"}, {"position": [-3, -3, 3], "block_type": "BrownVoxel"}, {"position": [-3, -2, 3], "block_type": "BrownVoxel"}, {"position": [-3, -1, 3], "block_type": "GroundVoxel"}, {"position": [-2, -4, 3], "block_type": "Bedrock"}, {"position": [-2, -3, 3], "block_type": "BrownVoxel"}, {"position": [-2, -2, 3], "block_type": "BrownVoxel"}, {"position": [-2, -1, 3], "block_type": "GroundVoxel"}, {"position": [-1, -4, 3], "block_type": "Bedrock"}, {"position": [-1, -3, 3], "block_type": "BrownVoxel"}, {"position": [-1, -2, 3], "block_type": "BrownVoxel"}, {"position": [-1, -1, 3], "block_type": "GroundVoxel"}, {"position": [0, -4, 3], "block_type": "Bedrock"}, {"position": [0, -3, 3], "block_type": "BrownVoxel"}, {"position": [0, -2, 3], "block_type": "BrownVoxel"}, {"position": [1, -4, 3], "block_type": "Bedrock"}, {"position": [1, -3, 3], "block_type": "Voxel"}, {"position": [2, -4, 3], "block_type": "Bedrock"}, {"position": [3, -4, 3], "block_type": "Bedrock"}, {"position": [3, -3, 3], "block_type": "Voxel"}, {"position": [3, -2, 3], "block_type": "BrownVoxel"}, {"position": [3, -1, 3], "block_type": "BrownVoxel"}, {"position": [3, 0, 3], "block_type": "GroundVoxel"}, {"position": [4, -4, 3], "block_type": "Bedrock"}, {"position": [4, -3, 3], "block_type": "Voxel"}, {"position": [4, -2, 3], "block_type": "BrownVoxel"}, {"position": [4, -1, 3], "block_type": "BrownVoxel"}, {"position": [4, 0, 3], "block_type": "GroundVoxel"}, {"position": [-5, -4, 4], "block_type": "Bedrock"}, {"position": [-5, -3, 4], "block_type": "BrownVoxel"}, {"position": [-5, -2, 4], "block_type": "BrownVoxel"}, {"position": [-5, -1, 4], "block_type": "GroundVoxel"}, {"position": [-4, -4, 4], "block_type": "Bedrock"}, {"position": [-4, -3, 4], "block_type": "BrownVoxel"}, {"position": [-4, -2, 4], "block_type": "BrownVoxel"}, {"position": [-4, -1, 4], "block_type": "GroundVoxel"}, {"position": [-3, -4, 4], "block_type": "Bedrock"}, {"position": [-3, -3, 4], "block_type": "BrownVoxel"}, {"position": [-3, -2, 4], "block_type": "BrownVoxel"}, {"position": [-3, -1, 4], "block_type": "GroundVoxel"}, {"position": [-2, -4, 4], "block_type": "Bedrock"}, {"position": [-2, -3, 4], "block_type": "BrownVoxel"}, {"position": [-2, -2, 4], "block_type": "BrownVoxel"}, {"position": [-2, -1, 4], "block_type": "GroundVoxel"}, {"position": [-1, -4, 4], "block_type": "Bedrock"}, {"position": [-1, -3, 4], "block_type": "BrownVoxel"}, {"position": [-1, -2, 4], "block_type": "BrownVoxel"}, {"position": [-1, -1, 4], "block_type": "GroundVoxel"}, {"position": [0, -4, 4], "block_type": "Bedrock"}, {"position": [0, -3, 4], "block_type": "Voxel"}, {"position": [0, -2, 4], "block_type": "BrownVoxel"}, {"position": [0, -1, 4], "block_type": "BrownVoxel"}, {"position": [0, 0, 4], "block_type": "GroundVoxel"}, {"position": [1, -4, 4], "block_type": "Bedrock"}, {"position": [1, -3, 4], "block_type": "Voxel"}, {"position": [1, -2, 4], "block_type": "BrownVoxel"}, {"position": [1, -1, 4], "block_type": "BrownVoxel"}, {"position": [1, 0, 4], "block_type": "GroundVoxel"}, {"position": [2, -4, 4], "block_type": "Bedrock"}, {"position": [2, -3, 4], "block_type": "Voxel"}, {"position": [2, -2, 4], "block_type": "BrownVoxel"}, {"position": [2, -1, 4], "block_type": "BrownVoxel"}, {"position": [2, 0, 4], "block_type": "GroundVoxel"}, {"position": [3, -4, 4], "block_type": "Bedrock"}, {"position": [3, -3, 4], "block_type": "Voxel"}, {"position": [3, -2, 4], "block_type": "BrownVoxel"}, {"position": [3, -1, 4], "block_type": "BrownVoxel"}, {"position": [3, 0, 4], "block_type": "GroundVoxel"}, {"position": [4, -4, 4], "block_type": "Bedrock"}, {"position": [4, -3, 4], "block_type": "Voxel"}, {"position": [4, -2, 4], "block_type": "BrownVoxel"}, {"position": [4, -1, 4], "block_type": "BrownVoxel"}, {"position": [4, 0, 4], "block_type": "GroundVoxel"}], "player_position": [-0.8570460081100464, -0.9999984502792358, 1.7584478855133057], "world_size": [5, -4], "world_version": "3.2", "last_save_date": "2025-01-23", "creative": true, "hotbar": ["GroundVoxel", "BrownVoxel", "Voxel", "CoalOreVoxel", null, null, null, null, null], "hotbaramounts": [5, 13, 10, 1, 0, 0, 0, 0, 0], "world_seed": 126040}