{"world_data": [{"position": [-8, -4, -8], "block_type": "Bedrock"}, {"position": [-7, -4, -8], "block_type": "Bedrock"}, {"position": [-6, -4, -8], "block_type": "Bedrock"}, {"position": [-5, -4, -8], "block_type": "Bedrock"}, {"position": [-4, -4, -8], "block_type": "Bedrock"}, {"position": [-3, -4, -8], "block_type": "Bedrock"}, {"position": [-2, -4, -8], "block_type": "Bedrock"}, {"position": [-1, -4, -8], "block_type": "Bedrock"}, {"position": [0, -4, -8], "block_type": "Bedrock"}, {"position": [1, -4, -8], "block_type": "Bedrock"}, {"position": [2, -4, -8], "block_type": "Bedrock"}, {"position": [3, -4, -8], "block_type": "Bedrock"}, {"position": [4, -4, -8], "block_type": "Bedrock"}, {"position": [5, -4, -8], "block_type": "Bedrock"}, {"position": [6, -4, -8], "block_type": "Bedrock"}, {"position": [7, -4, -8], "block_type": "Bedrock"}, {"position": [-8, -4, -7], "block_type": "Bedrock"}, {"position": [-7, -4, -7], "block_type": "Bedrock"}, {"position": [-6, -4, -7], "block_type": "Bedrock"}, {"position": [-5, -4, -7], "block_type": "Bedrock"}, {"position": [-4, -4, -7], "block_type": "Bedrock"}, {"position": [-3, -4, -7], "block_type": "Bedrock"}, {"position": [-2, -4, -7], "block_type": "Bedrock"}, {"position": [-1, -4, -7], "block_type": "Bedrock"}, {"position": [0, -4, -7], "block_type": "Bedrock"}, {"position": [1, -4, -7], "block_type": "Bedrock"}, {"position": [2, -4, -7], "block_type": "Bedrock"}, {"position": [3, -4, -7], "block_type": "Bedrock"}, {"position": [4, -4, -7], "block_type": "Bedrock"}, {"position": [5, -4, -7], "block_type": "Bedrock"}, {"position": [6, -4, -7], "block_type": "Bedrock"}, {"position": [7, -4, -7], "block_type": "Bedrock"}, {"position": [-8, -4, -6], "block_type": "Bedrock"}, {"position": [-7, -4, -6], "block_type": "Bedrock"}, {"position": [-6, -4, -6], "block_type": "Bedrock"}, {"position": [-5, -4, -6], "block_type": "Bedrock"}, {"position": [-4, -4, -6], "block_type": "Bedrock"}, {"position": [-3, -4, -6], "block_type": "Bedrock"}, {"position": [-2, -4, -6], "block_type": "Bedrock"}, {"position": [-1, -4, -6], "block_type": "Bedrock"}, {"position": [0, -4, -6], "block_type": "Bedrock"}, {"position": [1, -4, -6], "block_type": "Bedrock"}, {"position": [2, -4, -6], "block_type": "Bedrock"}, {"position": [3, -4, -6], "block_type": "Bedrock"}, {"position": [4, -4, -6], "block_type": "Bedrock"}, {"position": [5, -4, -6], "block_type": "Bedrock"}, {"position": [6, -4, -6], "block_type": "Bedrock"}, {"position": [7, -4, -6], "block_type": "Bedrock"}, {"position": [-8, -4, -5], "block_type": "Bedrock"}, {"position": [-7, -4, -5], "block_type": "Bedrock"}, {"position": [-6, -4, -5], "block_type": "Bedrock"}, {"position": [-5, -4, -5], "block_type": "Bedrock"}, {"position": [-4, -4, -5], "block_type": "Bedrock"}, {"position": [-3, -4, -5], "block_type": "Bedrock"}, {"position": [-2, -4, -5], "block_type": "Bedrock"}, {"position": [-1, -4, -5], "block_type": "Bedrock"}, {"position": [0, -4, -5], "block_type": "Bedrock"}, {"position": [1, -4, -5], "block_type": "Bedrock"}, {"position": [2, -4, -5], "block_type": "Bedrock"}, {"position": [3, -4, -5], "block_type": "Bedrock"}, {"position": [4, -4, -5], "block_type": "Bedrock"}, {"position": [5, -4, -5], "block_type": "Bedrock"}, {"position": [6, -4, -5], "block_type": "Bedrock"}, {"position": [7, -4, -5], "block_type": "Bedrock"}, {"position": [-8, -4, -4], "block_type": "Bedrock"}, {"position": [-7, -4, -4], "block_type": "Bedrock"}, {"position": [-6, -4, -4], "block_type": "Bedrock"}, {"position": [-5, -4, -4], "block_type": "Bedrock"}, {"position": [-4, -4, -4], "block_type": "Bedrock"}, {"position": [-3, -4, -4], "block_type": "Bedrock"}, {"position": [-2, -4, -4], "block_type": "Bedrock"}, {"position": [-1, -4, -4], "block_type": "Bedrock"}, {"position": [0, -4, -4], "block_type": "Bedrock"}, {"position": [1, -4, -4], "block_type": "Bedrock"}, {"position": [2, -4, -4], "block_type": "Bedrock"}, {"position": [3, -4, -4], "block_type": "Bedrock"}, {"position": [4, -4, -4], "block_type": "Bedrock"}, {"position": [5, -4, -4], "block_type": "Bedrock"}, {"position": [6, -4, -4], "block_type": "Bedrock"}, {"position": [7, -4, -4], "block_type": "Bedrock"}, {"position": [-8, -4, -3], "block_type": "Bedrock"}, {"position": [-7, -4, -3], "block_type": "Bedrock"}, {"position": [-6, -4, -3], "block_type": "Bedrock"}, {"position": [-5, -4, -3], "block_type": "Bedrock"}, {"position": [-4, -4, -3], "block_type": "Bedrock"}, {"position": [-3, -4, -3], "block_type": "Bedrock"}, {"position": [-2, -4, -3], "block_type": "Bedrock"}, {"position": [-1, -4, -3], "block_type": "Bedrock"}, {"position": [0, -4, -3], "block_type": "Bedrock"}, {"position": [1, -4, -3], "block_type": "Bedrock"}, {"position": [2, -4, -3], "block_type": "Bedrock"}, {"position": [3, -4, -3], "block_type": "Bedrock"}, {"position": [4, -4, -3], "block_type": "Bedrock"}, {"position": [5, -4, -3], "block_type": "Bedrock"}, {"position": [6, -4, -3], "block_type": "Bedrock"}, {"position": [7, -4, -3], "block_type": "Bedrock"}, {"position": [-8, -4, -2], "block_type": "Bedrock"}, {"position": [-7, -4, -2], "block_type": "Bedrock"}, {"position": [-6, -4, -2], "block_type": "Bedrock"}, {"position": [-5, -4, -2], "block_type": "Bedrock"}, {"position": [-4, -4, -2], "block_type": "Bedrock"}, {"position": [-3, -4, -2], "block_type": "Bedrock"}, {"position": [-2, -4, -2], "block_type": "Bedrock"}, {"position": [-1, -4, -2], "block_type": "Bedrock"}, {"position": [0, -4, -2], "block_type": "Bedrock"}, {"position": [1, -4, -2], "block_type": "Bedrock"}, {"position": [2, -4, -2], "block_type": "Bedrock"}, {"position": [3, -4, -2], "block_type": "Bedrock"}, {"position": [4, -4, -2], "block_type": "Bedrock"}, {"position": [5, -4, -2], "block_type": "Bedrock"}, {"position": [6, -4, -2], "block_type": "Bedrock"}, {"position": [7, -4, -2], "block_type": "Bedrock"}, {"position": [-8, -4, -1], "block_type": "Bedrock"}, {"position": [-7, -4, -1], "block_type": "Bedrock"}, {"position": [-6, -4, -1], "block_type": "Bedrock"}, {"position": [-5, -4, -1], "block_type": "Bedrock"}, {"position": [-4, -4, -1], "block_type": "Bedrock"}, {"position": [-3, -4, -1], "block_type": "Bedrock"}, {"position": [-2, -4, -1], "block_type": "Bedrock"}, {"position": [-1, -4, -1], "block_type": "Bedrock"}, {"position": [0, -4, -1], "block_type": "Bedrock"}, {"position": [1, -4, -1], "block_type": "Bedrock"}, {"position": [2, -4, -1], "block_type": "Bedrock"}, {"position": [3, -4, -1], "block_type": "Bedrock"}, {"position": [4, -4, -1], "block_type": "Bedrock"}, {"position": [5, -4, -1], "block_type": "Bedrock"}, {"position": [6, -4, -1], "block_type": "Bedrock"}, {"position": [7, -4, -1], "block_type": "Bedrock"}, {"position": [-8, -4, 0], "block_type": "Bedrock"}, {"position": [-7, -4, 0], "block_type": "Bedrock"}, {"position": [-6, -4, 0], "block_type": "Bedrock"}, {"position": [-5, -4, 0], "block_type": "Bedrock"}, {"position": [-4, -4, 0], "block_type": "Bedrock"}, {"position": [-3, -4, 0], "block_type": "Bedrock"}, {"position": [-2, -4, 0], "block_type": "Bedrock"}, {"position": [-1, -4, 0], "block_type": "Bedrock"}, {"position": [0, -4, 0], "block_type": "Bedrock"}, {"position": [1, -4, 0], "block_type": "Bedrock"}, {"position": [2, -4, 0], "block_type": "Bedrock"}, {"position": [3, -4, 0], "block_type": "Bedrock"}, {"position": [4, -4, 0], "block_type": "Bedrock"}, {"position": [5, -4, 0], "block_type": "Bedrock"}, {"position": [6, -4, 0], "block_type": "Bedrock"}, {"position": [7, -4, 0], "block_type": "Bedrock"}, {"position": [-8, -4, 1], "block_type": "Bedrock"}, {"position": [-7, -4, 1], "block_type": "Bedrock"}, {"position": [-6, -4, 1], "block_type": "Bedrock"}, {"position": [-5, -4, 1], "block_type": "Bedrock"}, {"position": [-4, -4, 1], "block_type": "Bedrock"}, {"position": [-3, -4, 1], "block_type": "Bedrock"}, {"position": [-2, -4, 1], "block_type": "Bedrock"}, {"position": [-1, -4, 1], "block_type": "Bedrock"}, {"position": [0, -4, 1], "block_type": "Bedrock"}, {"position": [1, -4, 1], "block_type": "Bedrock"}, {"position": [2, -4, 1], "block_type": "Bedrock"}, {"position": [3, -4, 1], "block_type": "Bedrock"}, {"position": [4, -4, 1], "block_type": "Bedrock"}, {"position": [5, -4, 1], "block_type": "Bedrock"}, {"position": [6, -4, 1], "block_type": "Bedrock"}, {"position": [7, -4, 1], "block_type": "Bedrock"}, {"position": [-8, -4, 2], "block_type": "Bedrock"}, {"position": [-7, -4, 2], "block_type": "Bedrock"}, {"position": [-6, -4, 2], "block_type": "Bedrock"}, {"position": [-5, -4, 2], "block_type": "Bedrock"}, {"position": [-4, -4, 2], "block_type": "Bedrock"}, {"position": [-3, -4, 2], "block_type": "Bedrock"}, {"position": [-2, -4, 2], "block_type": "Bedrock"}, {"position": [-1, -4, 2], "block_type": "Bedrock"}, {"position": [0, -4, 2], "block_type": "Bedrock"}, {"position": [1, -4, 2], "block_type": "Bedrock"}, {"position": [2, -4, 2], "block_type": "Bedrock"}, {"position": [3, -4, 2], "block_type": "Bedrock"}, {"position": [4, -4, 2], "block_type": "Bedrock"}, {"position": [5, -4, 2], "block_type": "Bedrock"}, {"position": [6, -4, 2], "block_type": "Bedrock"}, {"position": [7, -4, 2], "block_type": "Bedrock"}, {"position": [-8, -4, 3], "block_type": "Bedrock"}, {"position": [-7, -4, 3], "block_type": "Bedrock"}, {"position": [-6, -4, 3], "block_type": "Bedrock"}, {"position": [-5, -4, 3], "block_type": "Bedrock"}, {"position": [-4, -4, 3], "block_type": "Bedrock"}, {"position": [-3, -4, 3], "block_type": "Bedrock"}, {"position": [-2, -4, 3], "block_type": "Bedrock"}, {"position": [-1, -4, 3], "block_type": "Bedrock"}, {"position": [0, -4, 3], "block_type": "Bedrock"}, {"position": [1, -4, 3], "block_type": "Bedrock"}, {"position": [2, -4, 3], "block_type": "Bedrock"}, {"position": [3, -4, 3], "block_type": "Bedrock"}, {"position": [4, -4, 3], "block_type": "Bedrock"}, {"position": [5, -4, 3], "block_type": "Bedrock"}, {"position": [6, -4, 3], "block_type": "Bedrock"}, {"position": [7, -4, 3], "block_type": "Bedrock"}, {"position": [-8, -4, 4], "block_type": "Bedrock"}, {"position": [-7, -4, 4], "block_type": "Bedrock"}, {"position": [-6, -4, 4], "block_type": "Bedrock"}, {"position": [-5, -4, 4], "block_type": "Bedrock"}, {"position": [-4, -4, 4], "block_type": "Bedrock"}, {"position": [-3, -4, 4], "block_type": "Bedrock"}, {"position": [-2, -4, 4], "block_type": "Bedrock"}, {"position": [-1, -4, 4], "block_type": "Bedrock"}, {"position": [0, -4, 4], "block_type": "Bedrock"}, {"position": [1, -4, 4], "block_type": "Bedrock"}, {"position": [2, -4, 4], "block_type": "Bedrock"}, {"position": [3, -4, 4], "block_type": "Bedrock"}, {"position": [4, -4, 4], "block_type": "Bedrock"}, {"position": [5, -4, 4], "block_type": "Bedrock"}, {"position": [6, -4, 4], "block_type": "Bedrock"}, {"position": [7, -4, 4], "block_type": "Bedrock"}, {"position": [-8, -4, 5], "block_type": "Bedrock"}, {"position": [-7, -4, 5], "block_type": "Bedrock"}, {"position": [-6, -4, 5], "block_type": "Bedrock"}, {"position": [-5, -4, 5], "block_type": "Bedrock"}, {"position": [-4, -4, 5], "block_type": "Bedrock"}, {"position": [-3, -4, 5], "block_type": "Bedrock"}, {"position": [-2, -4, 5], "block_type": "Bedrock"}, {"position": [-1, -4, 5], "block_type": "Bedrock"}, {"position": [0, -4, 5], "block_type": "Bedrock"}, {"position": [1, -4, 5], "block_type": "Bedrock"}, {"position": [2, -4, 5], "block_type": "Bedrock"}, {"position": [3, -4, 5], "block_type": "Bedrock"}, {"position": [4, -4, 5], "block_type": "Bedrock"}, {"position": [5, -4, 5], "block_type": "Bedrock"}, {"position": [6, -4, 5], "block_type": "Bedrock"}, {"position": [7, -4, 5], "block_type": "Bedrock"}, {"position": [-8, -4, 6], "block_type": "Bedrock"}, {"position": [-7, -4, 6], "block_type": "Bedrock"}, {"position": [-6, -4, 6], "block_type": "Bedrock"}, {"position": [-5, -4, 6], "block_type": "Bedrock"}, {"position": [-4, -4, 6], "block_type": "Bedrock"}, {"position": [-3, -4, 6], "block_type": "Bedrock"}, {"position": [-2, -4, 6], "block_type": "Bedrock"}, {"position": [-1, -4, 6], "block_type": "Bedrock"}, {"position": [0, -4, 6], "block_type": "Bedrock"}, {"position": [1, -4, 6], "block_type": "Bedrock"}, {"position": [2, -4, 6], "block_type": "Bedrock"}, {"position": [3, -4, 6], "block_type": "Bedrock"}, {"position": [4, -4, 6], "block_type": "Bedrock"}, {"position": [5, -4, 6], "block_type": "Bedrock"}, {"position": [6, -4, 6], "block_type": "Bedrock"}, {"position": [7, -4, 6], "block_type": "Bedrock"}, {"position": [-8, -4, 7], "block_type": "Bedrock"}, {"position": [-7, -4, 7], "block_type": "Bedrock"}, {"position": [-6, -4, 7], "block_type": "Bedrock"}, {"position": [-5, -4, 7], "block_type": "Bedrock"}, {"position": [-4, -4, 7], "block_type": "Bedrock"}, {"position": [-3, -4, 7], "block_type": "Bedrock"}, {"position": [-2, -4, 7], "block_type": "Bedrock"}, {"position": [-1, -4, 7], "block_type": "Bedrock"}, {"position": [0, -4, 7], "block_type": "Bedrock"}, {"position": [1, -4, 7], "block_type": "Bedrock"}, {"position": [2, -4, 7], "block_type": "Bedrock"}, {"position": [3, -4, 7], "block_type": "Bedrock"}, {"position": [4, -4, 7], "block_type": "Bedrock"}, {"position": [5, -4, 7], "block_type": "Bedrock"}, {"position": [6, -4, 7], "block_type": "Bedrock"}, {"position": [7, -4, 7], "block_type": "Bedrock"}, {"position": [6.0, -3.0, -8.0], "block_type": "DiamondBlock"}, {"position": [5.0, -3.0, -8.0], "block_type": "DiamondBlock"}, {"position": [4.0, -3.0, -8.0], "block_type": "DiamondBlock"}, {"position": [3.0, -3.0, -8.0], "block_type": "DiamondBlock"}, {"position": [2.0, -3.0, -8.0], "block_type": "DiamondBlock"}, {"position": [1.0, -3.0, -8.0], "block_type": "DiamondBlock"}, {"position": [0.0, -3.0, -8.0], "block_type": "DiamondBlock"}, {"position": [-2.0, -3.0, -8.0], "block_type": "DiamondBlock"}, {"position": [-3.0, -3.0, -8.0], "block_type": "DiamondBlock"}, {"position": [-4.0, -3.0, -8.0], "block_type": "DiamondBlock"}, {"position": [-5.0, -3.0, -8.0], "block_type": "DiamondBlock"}, {"position": [-8.0, -3.0, -8.0], "block_type": "DiamondBlock"}, {"position": [-7.0, -3.0, -8.0], "block_type": "DiamondBlock"}, {"position": [-6.0, -3.0, -8.0], "block_type": "DiamondBlock"}, {"position": [-8.0, -3.0, -7.0], "block_type": "DiamondBlock"}, {"position": [-8.0, -3.0, -6.0], "block_type": "DiamondBlock"}, {"position": [-8.0, -3.0, -5.0], "block_type": "DiamondBlock"}, {"position": [-8.0, -3.0, -4.0], "block_type": "DiamondBlock"}, {"position": [-8.0, -3.0, -3.0], "block_type": "DiamondBlock"}, {"position": [-8.0, -3.0, -2.0], "block_type": "DiamondBlock"}, {"position": [-8.0, -3.0, -1.0], "block_type": "DiamondBlock"}, {"position": [-8.0, -3.0, 0.0], "block_type": "DiamondBlock"}, {"position": [-8.0, -3.0, 1.0], "block_type": "DiamondBlock"}, {"position": [-8.0, -3.0, 2.0], "block_type": "DiamondBlock"}, {"position": [-8.0, -3.0, 3.0], "block_type": "DiamondBlock"}, {"position": [-8.0, -3.0, 4.0], "block_type": "DiamondBlock"}, {"position": [-8.0, -3.0, 5.0], "block_type": "DiamondBlock"}, {"position": [-8.0, -3.0, 7.0], "block_type": "DiamondBlock"}, {"position": [-8.0, -3.0, 6.0], "block_type": "DiamondBlock"}, {"position": [-7.0, -3.0, 7.0], "block_type": "DiamondBlock"}, {"position": [-6.0, -3.0, 7.0], "block_type": "DiamondBlock"}, {"position": [-5.0, -3.0, 7.0], "block_type": "DiamondBlock"}, {"position": [-4.0, -3.0, 7.0], "block_type": "DiamondBlock"}, {"position": [-3.0, -3.0, 7.0], "block_type": "DiamondBlock"}, {"position": [-2.0, -3.0, 7.0], "block_type": "DiamondBlock"}, {"position": [-1.0, -3.0, 7.0], "block_type": "DiamondBlock"}, {"position": [0.0, -3.0, 7.0], "block_type": "DiamondBlock"}, {"position": [1.0, -3.0, 7.0], "block_type": "DiamondBlock"}, {"position": [2.0, -3.0, 7.0], "block_type": "DiamondBlock"}, {"position": [3.0, -3.0, 7.0], "block_type": "DiamondBlock"}, {"position": [4.0, -3.0, 7.0], "block_type": "DiamondBlock"}, {"position": [5.0, -3.0, 7.0], "block_type": "DiamondBlock"}, {"position": [7.0, -3.0, 7.0], "block_type": "DiamondBlock"}, {"position": [6.0, -3.0, 7.0], "block_type": "DiamondBlock"}, {"position": [7.0, -2.0, 7.0], "block_type": "DiamondBlock"}, {"position": [6.0, -2.0, -8.0], "block_type": "DiamondBlock"}, {"position": [5.0, -2.0, -8.0], "block_type": "DiamondBlock"}, {"position": [4.0, -2.0, -8.0], "block_type": "DiamondBlock"}, {"position": [2.0, -2.0, -8.0], "block_type": "DiamondBlock"}, {"position": [1.0, -2.0, -8.0], "block_type": "DiamondBlock"}, {"position": [0.0, -2.0, -8.0], "block_type": "DiamondBlock"}, {"position": [-2.0, -2.0, -8.0], "block_type": "DiamondBlock"}, {"position": [-3.0, -2.0, -8.0], "block_type": "DiamondBlock"}, {"position": [-5.0, -2.0, -8.0], "block_type": "DiamondBlock"}, {"position": [-6.0, -2.0, -8.0], "block_type": "DiamondBlock"}, {"position": [-7.0, -2.0, -8.0], "block_type": "DiamondBlock"}, {"position": [-8.0, -2.0, -8.0], "block_type": "DiamondBlock"}, {"position": [-4.0, -2.0, -8.0], "block_type": "DiamondBlock"}, {"position": [-1.0, -3.0, -8.0], "block_type": "DiamondBlock"}, {"position": [-1.0, -2.0, -8.0], "block_type": "DiamondBlock"}, {"position": [3.0, -2.0, -8.0], "block_type": "DiamondBlock"}, {"position": [6.0, -2.0, 7.0], "block_type": "DiamondBlock"}, {"position": [5.0, -2.0, 7.0], "block_type": "DiamondBlock"}, {"position": [4.0, -2.0, 7.0], "block_type": "DiamondBlock"}, {"position": [3.0, -2.0, 7.0], "block_type": "DiamondBlock"}, {"position": [2.0, -2.0, 7.0], "block_type": "DiamondBlock"}, {"position": [0.0, -2.0, 7.0], "block_type": "DiamondBlock"}, {"position": [1.0, -2.0, 7.0], "block_type": "DiamondBlock"}, {"position": [-8.0, -2.0, 7.0], "block_type": "DiamondBlock"}, {"position": [-7.0, -2.0, 7.0], "block_type": "DiamondBlock"}, {"position": [-6.0, -2.0, 7.0], "block_type": "DiamondBlock"}, {"position": [-4.0, -2.0, 7.0], "block_type": "DiamondBlock"}, {"position": [-5.0, -2.0, 7.0], "block_type": "DiamondBlock"}, {"position": [-1.0, -2.0, 7.0], "block_type": "DiamondBlock"}, {"position": [-3.0, -2.0, 7.0], "block_type": "DiamondBlock"}, {"position": [-2.0, -2.0, 7.0], "block_type": "DiamondBlock"}, {"position": [-8.0, -2.0, 6.0], "block_type": "DiamondBlock"}, {"position": [-8.0, -2.0, 5.0], "block_type": "DiamondBlock"}, {"position": [-8.0, -2.0, 4.0], "block_type": "DiamondBlock"}, {"position": [-8.0, -2.0, 3.0], "block_type": "DiamondBlock"}, {"position": [-8.0, -2.0, 2.0], "block_type": "DiamondBlock"}, {"position": [-8.0, -2.0, 1.0], "block_type": "DiamondBlock"}, {"position": [-8.0, -2.0, 0.0], "block_type": "DiamondBlock"}, {"position": [-8.0, -2.0, -1.0], "block_type": "DiamondBlock"}, {"position": [-8.0, -2.0, -2.0], "block_type": "DiamondBlock"}, {"position": [-8.0, -2.0, -3.0], "block_type": "DiamondBlock"}, {"position": [-8.0, -2.0, -4.0], "block_type": "DiamondBlock"}, {"position": [-8.0, -2.0, -5.0], "block_type": "DiamondBlock"}, {"position": [-8.0, -2.0, -7.0], "block_type": "DiamondBlock"}, {"position": [-8.0, -2.0, -6.0], "block_type": "DiamondBlock"}, {"position": [7.0, -1.0, 7.0], "block_type": "DiamondBlock"}, {"position": [6.0, -1.0, 7.0], "block_type": "DiamondBlock"}, {"position": [5.0, -1.0, 7.0], "block_type": "DiamondBlock"}, {"position": [4.0, -1.0, 7.0], "block_type": "DiamondBlock"}, {"position": [3.0, -1.0, 7.0], "block_type": "DiamondBlock"}, {"position": [2.0, -1.0, 7.0], "block_type": "DiamondBlock"}, {"position": [1.0, -1.0, 7.0], "block_type": "DiamondBlock"}, {"position": [0.0, -1.0, 7.0], "block_type": "DiamondBlock"}, {"position": [-1.0, -1.0, 7.0], "block_type": "DiamondBlock"}, {"position": [3.0, -1.0, -8.0], "block_type": "DiamondBlock"}, {"position": [4.0, -1.0, -8.0], "block_type": "DiamondBlock"}, {"position": [5.0, -1.0, -8.0], "block_type": "DiamondBlock"}, {"position": [6.0, -1.0, -8.0], "block_type": "DiamondBlock"}, {"position": [-1.0, -1.0, -8.0], "block_type": "DiamondBlock"}, {"position": [0.0, -1.0, -8.0], "block_type": "DiamondBlock"}, {"position": [1.0, -1.0, -8.0], "block_type": "DiamondBlock"}, {"position": [2.0, -1.0, -8.0], "block_type": "DiamondBlock"}, {"position": [-4.0, -1.0, -8.0], "block_type": "DiamondBlock"}, {"position": [-3.0, -1.0, -8.0], "block_type": "DiamondBlock"}, {"position": [-2.0, -1.0, -8.0], "block_type": "DiamondBlock"}, {"position": [-7.0, -1.0, -8.0], "block_type": "DiamondBlock"}, {"position": [-6.0, -1.0, -8.0], "block_type": "DiamondBlock"}, {"position": [-5.0, -1.0, -8.0], "block_type": "DiamondBlock"}, {"position": [-8.0, -1.0, -5.0], "block_type": "DiamondBlock"}, {"position": [-8.0, -1.0, -6.0], "block_type": "DiamondBlock"}, {"position": [-8.0, -1.0, -7.0], "block_type": "DiamondBlock"}, {"position": [-8.0, -1.0, -8.0], "block_type": "DiamondBlock"}, {"position": [-8.0, -1.0, -1.0], "block_type": "DiamondBlock"}, {"position": [-8.0, -1.0, -2.0], "block_type": "DiamondBlock"}, {"position": [-8.0, -1.0, -3.0], "block_type": "DiamondBlock"}, {"position": [-8.0, -1.0, -4.0], "block_type": "DiamondBlock"}, {"position": [-8.0, -1.0, 3.0], "block_type": "DiamondBlock"}, {"position": [-8.0, -1.0, 2.0], "block_type": "DiamondBlock"}, {"position": [-8.0, -1.0, 1.0], "block_type": "DiamondBlock"}, {"position": [-8.0, -1.0, 0.0], "block_type": "DiamondBlock"}, {"position": [-8.0, -1.0, 7.0], "block_type": "DiamondBlock"}, {"position": [-8.0, -1.0, 6.0], "block_type": "DiamondBlock"}, {"position": [-8.0, -1.0, 5.0], "block_type": "DiamondBlock"}, {"position": [-8.0, -1.0, 4.0], "block_type": "DiamondBlock"}, {"position": [-4.0, -1.0, 7.0], "block_type": "DiamondBlock"}, {"position": [-5.0, -1.0, 7.0], "block_type": "DiamondBlock"}, {"position": [-6.0, -1.0, 7.0], "block_type": "DiamondBlock"}, {"position": [-7.0, -1.0, 7.0], "block_type": "DiamondBlock"}, {"position": [-2.0, -1.0, 7.0], "block_type": "DiamondBlock"}, {"position": [-3.0, -1.0, 7.0], "block_type": "DiamondBlock"}, {"position": [7.0, 0.0, 7.0], "block_type": "DiamondBlock"}, {"position": [4.0, 0.0, -8.0], "block_type": "DiamondBlock"}, {"position": [5.0, 0.0, -8.0], "block_type": "DiamondBlock"}, {"position": [6.0, 0.0, -8.0], "block_type": "DiamondBlock"}, {"position": [0.0, 0.0, -8.0], "block_type": "DiamondBlock"}, {"position": [1.0, 0.0, -8.0], "block_type": "DiamondBlock"}, {"position": [2.0, 0.0, -8.0], "block_type": "DiamondBlock"}, {"position": [3.0, 0.0, -8.0], "block_type": "DiamondBlock"}, {"position": [-4.0, 0.0, -8.0], "block_type": "DiamondBlock"}, {"position": [-3.0, 0.0, -8.0], "block_type": "DiamondBlock"}, {"position": [-2.0, 0.0, -8.0], "block_type": "DiamondBlock"}, {"position": [-1.0, 0.0, -8.0], "block_type": "DiamondBlock"}, {"position": [-7.0, 0.0, -8.0], "block_type": "DiamondBlock"}, {"position": [-6.0, 0.0, -8.0], "block_type": "DiamondBlock"}, {"position": [-5.0, 0.0, -8.0], "block_type": "DiamondBlock"}, {"position": [-8.0, 0.0, -6.0], "block_type": "DiamondBlock"}, {"position": [-8.0, 0.0, -7.0], "block_type": "DiamondBlock"}, {"position": [-8.0, 0.0, -8.0], "block_type": "DiamondBlock"}, {"position": [-8.0, 0.0, -4.0], "block_type": "DiamondBlock"}, {"position": [-8.0, 0.0, -5.0], "block_type": "DiamondBlock"}, {"position": [-8.0, 0.0, 0.0], "block_type": "DiamondBlock"}, {"position": [-8.0, 0.0, -1.0], "block_type": "DiamondBlock"}, {"position": [-8.0, 0.0, -3.0], "block_type": "DiamondBlock"}, {"position": [-8.0, 0.0, -2.0], "block_type": "DiamondBlock"}, {"position": [-8.0, 0.0, 4.0], "block_type": "DiamondBlock"}, {"position": [-8.0, 0.0, 3.0], "block_type": "DiamondBlock"}, {"position": [-8.0, 0.0, 2.0], "block_type": "DiamondBlock"}, {"position": [-8.0, 0.0, 1.0], "block_type": "DiamondBlock"}, {"position": [-8.0, 0.0, 7.0], "block_type": "DiamondBlock"}, {"position": [-8.0, 0.0, 6.0], "block_type": "DiamondBlock"}, {"position": [-8.0, 0.0, 5.0], "block_type": "DiamondBlock"}, {"position": [-4.0, 0.0, 7.0], "block_type": "DiamondBlock"}, {"position": [-5.0, 0.0, 7.0], "block_type": "DiamondBlock"}, {"position": [-6.0, 0.0, 7.0], "block_type": "DiamondBlock"}, {"position": [-7.0, 0.0, 7.0], "block_type": "DiamondBlock"}, {"position": [-1.0, 0.0, 7.0], "block_type": "DiamondBlock"}, {"position": [-2.0, 0.0, 7.0], "block_type": "DiamondBlock"}, {"position": [-3.0, 0.0, 7.0], "block_type": "DiamondBlock"}, {"position": [2.0, 0.0, 7.0], "block_type": "DiamondBlock"}, {"position": [1.0, 0.0, 7.0], "block_type": "DiamondBlock"}, {"position": [0.0, 0.0, 7.0], "block_type": "DiamondBlock"}, {"position": [6.0, 0.0, 7.0], "block_type": "DiamondBlock"}, {"position": [5.0, 0.0, 7.0], "block_type": "DiamondBlock"}, {"position": [4.0, 0.0, 7.0], "block_type": "DiamondBlock"}, {"position": [3.0, 0.0, 7.0], "block_type": "DiamondBlock"}, {"position": [-7.0, 1.0, -8.0], "block_type": "DiamondBlock"}, {"position": [-6.0, 1.0, -8.0], "block_type": "DiamondBlock"}, {"position": [-5.0, 1.0, -8.0], "block_type": "DiamondBlock"}, {"position": [-3.0, 1.0, -8.0], "block_type": "DiamondBlock"}, {"position": [-2.0, 1.0, -8.0], "block_type": "DiamondBlock"}, {"position": [-4.0, 1.0, -8.0], "block_type": "DiamondBlock"}, {"position": [-8.0, 1.0, -3.0], "block_type": "DiamondBlock"}, {"position": [-8.0, 1.0, -5.0], "block_type": "DiamondBlock"}, {"position": [-8.0, 1.0, -6.0], "block_type": "DiamondBlock"}, {"position": [-8.0, 1.0, -7.0], "block_type": "DiamondBlock"}, {"position": [-8.0, 1.0, -8.0], "block_type": "DiamondBlock"}, {"position": [-8.0, 1.0, -4.0], "block_type": "DiamondBlock"}, {"position": [-8.0, 1.0, 0.0], "block_type": "DiamondBlock"}, {"position": [-8.0, 1.0, -1.0], "block_type": "DiamondBlock"}, {"position": [-8.0, 1.0, -2.0], "block_type": "DiamondBlock"}, {"position": [-8.0, 1.0, 4.0], "block_type": "DiamondBlock"}, {"position": [-8.0, 1.0, 3.0], "block_type": "DiamondBlock"}, {"position": [-8.0, 1.0, 2.0], "block_type": "DiamondBlock"}, {"position": [-8.0, 1.0, 1.0], "block_type": "DiamondBlock"}, {"position": [-8.0, 1.0, 7.0], "block_type": "DiamondBlock"}, {"position": [-8.0, 1.0, 6.0], "block_type": "DiamondBlock"}, {"position": [-8.0, 1.0, 5.0], "block_type": "DiamondBlock"}, {"position": [-4.0, 1.0, 7.0], "block_type": "DiamondBlock"}, {"position": [-5.0, 1.0, 7.0], "block_type": "DiamondBlock"}, {"position": [-6.0, 1.0, 7.0], "block_type": "DiamondBlock"}, {"position": [-7.0, 1.0, 7.0], "block_type": "DiamondBlock"}, {"position": [1.0, 1.0, 7.0], "block_type": "DiamondBlock"}, {"position": [0.0, 1.0, 7.0], "block_type": "DiamondBlock"}, {"position": [-2.0, 1.0, 7.0], "block_type": "DiamondBlock"}, {"position": [-3.0, 1.0, 7.0], "block_type": "DiamondBlock"}, {"position": [-1.0, 1.0, 7.0], "block_type": "DiamondBlock"}, {"position": [5.0, 1.0, 7.0], "block_type": "DiamondBlock"}, {"position": [4.0, 1.0, 7.0], "block_type": "DiamondBlock"}, {"position": [3.0, 1.0, 7.0], "block_type": "DiamondBlock"}, {"position": [2.0, 1.0, 7.0], "block_type": "DiamondBlock"}, {"position": [7.0, 1.0, 7.0], "block_type": "DiamondBlock"}, {"position": [6.0, 1.0, 7.0], "block_type": "DiamondBlock"}, {"position": [2.0, 1.0, -8.0], "block_type": "DiamondBlock"}, {"position": [3.0, 1.0, -8.0], "block_type": "DiamondBlock"}, {"position": [4.0, 1.0, -8.0], "block_type": "DiamondBlock"}, {"position": [5.0, 1.0, -8.0], "block_type": "DiamondBlock"}, {"position": [6.0, 1.0, -8.0], "block_type": "DiamondBlock"}, {"position": [-1.0, 1.0, -8.0], "block_type": "DiamondBlock"}, {"position": [0.0, 1.0, -8.0], "block_type": "DiamondBlock"}, {"position": [1.0, 1.0, -8.0], "block_type": "DiamondBlock"}, {"position": [-8.0, 2.0, 7.0], "block_type": "DiamondBlock"}, {"position": [-8.0, 2.0, 6.0], "block_type": "DiamondBlock"}, {"position": [-8.0, 2.0, 4.0], "block_type": "DiamondBlock"}, {"position": [-8.0, 2.0, 3.0], "block_type": "DiamondBlock"}, {"position": [-8.0, 2.0, 5.0], "block_type": "DiamondBlock"}, {"position": [-8.0, 2.0, 2.0], "block_type": "DiamondBlock"}, {"position": [-8.0, 2.0, 1.0], "block_type": "DiamondBlock"}, {"position": [-8.0, 2.0, 0.0], "block_type": "DiamondBlock"}, {"position": [-8.0, 2.0, -1.0], "block_type": "DiamondBlock"}, {"position": [-8.0, 2.0, -2.0], "block_type": "DiamondBlock"}, {"position": [-8.0, 2.0, -3.0], "block_type": "DiamondBlock"}, {"position": [-8.0, 2.0, -4.0], "block_type": "DiamondBlock"}, {"position": [-8.0, 2.0, -5.0], "block_type": "DiamondBlock"}, {"position": [-8.0, 2.0, -6.0], "block_type": "DiamondBlock"}, {"position": [-8.0, 2.0, -7.0], "block_type": "DiamondBlock"}, {"position": [-8.0, 2.0, -8.0], "block_type": "DiamondBlock"}, {"position": [-7.0, 2.0, -8.0], "block_type": "DiamondBlock"}, {"position": [-6.0, 2.0, -8.0], "block_type": "DiamondBlock"}, {"position": [-5.0, 2.0, -8.0], "block_type": "DiamondBlock"}, {"position": [-4.0, 2.0, -8.0], "block_type": "DiamondBlock"}, {"position": [-3.0, 2.0, -8.0], "block_type": "DiamondBlock"}, {"position": [-2.0, 2.0, -8.0], "block_type": "DiamondBlock"}, {"position": [-1.0, 2.0, -8.0], "block_type": "DiamondBlock"}, {"position": [0.0, 2.0, -8.0], "block_type": "DiamondBlock"}, {"position": [1.0, 2.0, -8.0], "block_type": "DiamondBlock"}, {"position": [2.0, 2.0, -8.0], "block_type": "DiamondBlock"}, {"position": [3.0, 2.0, -8.0], "block_type": "DiamondBlock"}, {"position": [5.0, 2.0, -8.0], "block_type": "DiamondBlock"}, {"position": [4.0, 2.0, -8.0], "block_type": "DiamondBlock"}, {"position": [6.0, 2.0, -8.0], "block_type": "DiamondBlock"}, {"position": [7.0, 2.0, 7.0], "block_type": "DiamondBlock"}, {"position": [6.0, 2.0, 7.0], "block_type": "DiamondBlock"}, {"position": [5.0, 2.0, 7.0], "block_type": "DiamondBlock"}, {"position": [4.0, 2.0, 7.0], "block_type": "DiamondBlock"}, {"position": [3.0, 2.0, 7.0], "block_type": "DiamondBlock"}, {"position": [2.0, 2.0, 7.0], "block_type": "DiamondBlock"}, {"position": [0.0, 2.0, 7.0], "block_type": "DiamondBlock"}, {"position": [-1.0, 2.0, 7.0], "block_type": "DiamondBlock"}, {"position": [-2.0, 2.0, 7.0], "block_type": "DiamondBlock"}, {"position": [-3.0, 2.0, 7.0], "block_type": "DiamondBlock"}, {"position": [-4.0, 2.0, 7.0], "block_type": "DiamondBlock"}, {"position": [-5.0, 2.0, 7.0], "block_type": "DiamondBlock"}, {"position": [-6.0, 2.0, 7.0], "block_type": "DiamondBlock"}, {"position": [-7.0, 2.0, 7.0], "block_type": "DiamondBlock"}, {"position": [1.0, 2.0, 7.0], "block_type": "DiamondBlock"}, {"position": [-1.0, -2.0, 6.0], "block_type": "ObsidianVoxel"}, {"position": [-4.0, -1.0, 6.0], "block_type": "ObsidianVoxel"}, {"position": [-7.0, 0.0, 5.0], "block_type": "ObsidianVoxel"}, {"position": [-7.0, 1.0, 2.0], "block_type": "ObsidianVoxel"}, {"position": [-3.0, 2.0, 2.0], "block_type": "ObsidianVoxel"}, {"position": [6.0, -3.0, 6.0], "block_type": "DiamondBlock"}, {"position": [6.0, -2.0, 6.0], "block_type": "DiamondBlock"}, {"position": [6.0, -1.0, 6.0], "block_type": "DiamondBlock"}, {"position": [6.0, 0.0, 6.0], "block_type": "DiamondBlock"}, {"position": [6.0, 1.0, 6.0], "block_type": "DiamondBlock"}, {"position": [6.0, 2.0, 6.0], "block_type": "DiamondBlock"}, {"position": [6.0, -3.0, 5.0], "block_type": "DiamondBlock"}, {"position": [6.0, -2.0, 5.0], "block_type": "DiamondBlock"}, {"position": [6.0, -1.0, 5.0], "block_type": "DiamondBlock"}, {"position": [6.0, 0.0, 5.0], "block_type": "DiamondBlock"}, {"position": [6.0, 1.0, 5.0], "block_type": "DiamondBlock"}, {"position": [6.0, 2.0, 5.0], "block_type": "DiamondBlock"}, {"position": [6.0, -3.0, 4.0], "block_type": "DiamondBlock"}, {"position": [6.0, -2.0, 4.0], "block_type": "DiamondBlock"}, {"position": [6.0, -1.0, 4.0], "block_type": "DiamondBlock"}, {"position": [6.0, 0.0, 4.0], "block_type": "DiamondBlock"}, {"position": [6.0, 1.0, 4.0], "block_type": "DiamondBlock"}, {"position": [6.0, 2.0, 4.0], "block_type": "DiamondBlock"}, {"position": [6.0, -3.0, 3.0], "block_type": "DiamondBlock"}, {"position": [6.0, -2.0, 3.0], "block_type": "DiamondBlock"}, {"position": [6.0, -1.0, 3.0], "block_type": "DiamondBlock"}, {"position": [6.0, 0.0, 3.0], "block_type": "DiamondBlock"}, {"position": [6.0, 1.0, 3.0], "block_type": "DiamondBlock"}, {"position": [6.0, 2.0, 3.0], "block_type": "DiamondBlock"}, {"position": [6.0, -3.0, 2.0], "block_type": "DiamondBlock"}, {"position": [6.0, -2.0, 2.0], "block_type": "DiamondBlock"}, {"position": [6.0, -1.0, 2.0], "block_type": "DiamondBlock"}, {"position": [6.0, 0.0, 2.0], "block_type": "DiamondBlock"}, {"position": [6.0, 1.0, 2.0], "block_type": "DiamondBlock"}, {"position": [6.0, 2.0, 2.0], "block_type": "DiamondBlock"}, {"position": [6.0, -3.0, 1.0], "block_type": "DiamondBlock"}, {"position": [6.0, -2.0, 1.0], "block_type": "DiamondBlock"}, {"position": [6.0, -1.0, 1.0], "block_type": "DiamondBlock"}, {"position": [6.0, 0.0, 1.0], "block_type": "DiamondBlock"}, {"position": [6.0, 2.0, 1.0], "block_type": "DiamondBlock"}, {"position": [6.0, 1.0, 1.0], "block_type": "DiamondBlock"}, {"position": [6.0, -3.0, 0.0], "block_type": "DiamondBlock"}, {"position": [6.0, -2.0, 0.0], "block_type": "DiamondBlock"}, {"position": [6.0, -1.0, 0.0], "block_type": "DiamondBlock"}, {"position": [6.0, 0.0, 0.0], "block_type": "DiamondBlock"}, {"position": [6.0, 1.0, 0.0], "block_type": "DiamondBlock"}, {"position": [6.0, 2.0, 0.0], "block_type": "DiamondBlock"}, {"position": [6.0, -3.0, -1.0], "block_type": "DiamondBlock"}, {"position": [6.0, -2.0, -1.0], "block_type": "DiamondBlock"}, {"position": [6.0, -1.0, -1.0], "block_type": "DiamondBlock"}, {"position": [6.0, 0.0, -1.0], "block_type": "DiamondBlock"}, {"position": [6.0, 1.0, -1.0], "block_type": "DiamondBlock"}, {"position": [6.0, 2.0, -1.0], "block_type": "DiamondBlock"}, {"position": [6.0, -3.0, -2.0], "block_type": "DiamondBlock"}, {"position": [6.0, -2.0, -2.0], "block_type": "DiamondBlock"}, {"position": [6.0, -1.0, -2.0], "block_type": "DiamondBlock"}, {"position": [6.0, 0.0, -2.0], "block_type": "DiamondBlock"}, {"position": [6.0, 1.0, -2.0], "block_type": "DiamondBlock"}, {"position": [6.0, 2.0, -2.0], "block_type": "DiamondBlock"}, {"position": [6.0, -3.0, -3.0], "block_type": "DiamondBlock"}, {"position": [6.0, -2.0, -3.0], "block_type": "DiamondBlock"}, {"position": [6.0, -1.0, -3.0], "block_type": "DiamondBlock"}, {"position": [6.0, 0.0, -3.0], "block_type": "DiamondBlock"}, {"position": [6.0, 1.0, -3.0], "block_type": "DiamondBlock"}, {"position": [6.0, 2.0, -3.0], "block_type": "DiamondBlock"}, {"position": [6.0, -3.0, -4.0], "block_type": "DiamondBlock"}, {"position": [6.0, -2.0, -4.0], "block_type": "DiamondBlock"}, {"position": [6.0, -1.0, -4.0], "block_type": "DiamondBlock"}, {"position": [6.0, 0.0, -4.0], "block_type": "DiamondBlock"}, {"position": [6.0, 1.0, -4.0], "block_type": "DiamondBlock"}, {"position": [6.0, 2.0, -4.0], "block_type": "DiamondBlock"}, {"position": [6.0, -3.0, -5.0], "block_type": "DiamondBlock"}, {"position": [6.0, -2.0, -5.0], "block_type": "DiamondBlock"}, {"position": [6.0, -1.0, -5.0], "block_type": "DiamondBlock"}, {"position": [6.0, 0.0, -5.0], "block_type": "DiamondBlock"}, {"position": [6.0, 1.0, -5.0], "block_type": "DiamondBlock"}, {"position": [6.0, 2.0, -5.0], "block_type": "DiamondBlock"}, {"position": [6.0, -3.0, -6.0], "block_type": "DiamondBlock"}, {"position": [6.0, -2.0, -6.0], "block_type": "DiamondBlock"}, {"position": [6.0, -1.0, -6.0], "block_type": "DiamondBlock"}, {"position": [6.0, 0.0, -6.0], "block_type": "DiamondBlock"}, {"position": [6.0, 1.0, -6.0], "block_type": "DiamondBlock"}, {"position": [6.0, 2.0, -6.0], "block_type": "DiamondBlock"}, {"position": [6.0, -3.0, -7.0], "block_type": "DiamondBlock"}, {"position": [6.0, -2.0, -7.0], "block_type": "DiamondBlock"}, {"position": [6.0, -1.0, -7.0], "block_type": "DiamondBlock"}, {"position": [6.0, 0.0, -7.0], "block_type": "DiamondBlock"}, {"position": [6.0, 1.0, -7.0], "block_type": "DiamondBlock"}, {"position": [6.0, 2.0, -7.0], "block_type": "DiamondBlock"}, {"position": [-1.0, -3.0, 6.0], "block_type": "ObsidianVoxel"}, {"position": [-1.0, -3.0, 5.0], "block_type": "ObsidianVoxel"}, {"position": [-1.0, -3.0, 4.0], "block_type": "ObsidianVoxel"}, {"position": [-1.0, -3.0, 3.0], "block_type": "ObsidianVoxel"}, {"position": [-1.0, -3.0, 2.0], "block_type": "ObsidianVoxel"}, {"position": [-1.0, -3.0, 1.0], "block_type": "ObsidianVoxel"}, {"position": [-1.0, -3.0, 0.0], "block_type": "ObsidianVoxel"}, {"position": [-1.0, -3.0, -1.0], "block_type": "ObsidianVoxel"}, {"position": [-1.0, -3.0, -2.0], "block_type": "ObsidianVoxel"}, {"position": [-1.0, -3.0, -3.0], "block_type": "ObsidianVoxel"}, {"position": [-1.0, -3.0, -4.0], "block_type": "ObsidianVoxel"}, {"position": [-1.0, -3.0, -5.0], "block_type": "ObsidianVoxel"}, {"position": [-1.0, -3.0, -6.0], "block_type": "ObsidianVoxel"}, {"position": [-1.0, -3.0, -7.0], "block_type": "ObsidianVoxel"}, {"position": [-1.0, 2.0, 6.0], "block_type": "ObsidianVoxel"}, {"position": [-1.0, 1.0, 6.0], "block_type": "ObsidianVoxel"}, {"position": [-8.0, 3.0, 7.0], "block_type": "DiamondBlock"}, {"position": [-8.0, 3.0, 6.0], "block_type": "DiamondBlock"}, {"position": [-8.0, 3.0, 4.0], "block_type": "DiamondBlock"}, {"position": [-8.0, 3.0, 3.0], "block_type": "DiamondBlock"}, {"position": [-8.0, 3.0, 5.0], "block_type": "DiamondBlock"}, {"position": [-8.0, 3.0, 2.0], "block_type": "DiamondBlock"}, {"position": [-8.0, 3.0, 1.0], "block_type": "DiamondBlock"}, {"position": [-8.0, 3.0, 0.0], "block_type": "DiamondBlock"}, {"position": [-8.0, 3.0, -2.0], "block_type": "DiamondBlock"}, {"position": [-8.0, 3.0, -3.0], "block_type": "DiamondBlock"}, {"position": [-8.0, 3.0, -4.0], "block_type": "DiamondBlock"}, {"position": [-8.0, 3.0, -1.0], "block_type": "DiamondBlock"}, {"position": [-8.0, 3.0, -8.0], "block_type": "DiamondBlock"}, {"position": [-8.0, 3.0, -7.0], "block_type": "DiamondBlock"}, {"position": [-8.0, 3.0, -6.0], "block_type": "DiamondBlock"}, {"position": [-8.0, 3.0, -5.0], "block_type": "DiamondBlock"}, {"position": [-7.0, 3.0, -8.0], "block_type": "DiamondBlock"}, {"position": [-6.0, 3.0, -8.0], "block_type": "DiamondBlock"}, {"position": [-5.0, 3.0, -8.0], "block_type": "DiamondBlock"}, {"position": [-4.0, 3.0, -8.0], "block_type": "DiamondBlock"}, {"position": [-3.0, 3.0, -8.0], "block_type": "DiamondBlock"}, {"position": [-2.0, 3.0, -8.0], "block_type": "DiamondBlock"}, {"position": [0.0, 3.0, -8.0], "block_type": "DiamondBlock"}, {"position": [1.0, 3.0, -8.0], "block_type": "DiamondBlock"}, {"position": [-1.0, 3.0, -8.0], "block_type": "DiamondBlock"}, {"position": [2.0, 3.0, -8.0], "block_type": "DiamondBlock"}, {"position": [3.0, 3.0, -8.0], "block_type": "DiamondBlock"}, {"position": [4.0, 3.0, -8.0], "block_type": "DiamondBlock"}, {"position": [5.0, 3.0, -8.0], "block_type": "DiamondBlock"}, {"position": [6.0, 3.0, -8.0], "block_type": "DiamondBlock"}, {"position": [6.0, 3.0, -7.0], "block_type": "DiamondBlock"}, {"position": [6.0, 3.0, -6.0], "block_type": "DiamondBlock"}, {"position": [6.0, 3.0, -4.0], "block_type": "DiamondBlock"}, {"position": [6.0, 3.0, -3.0], "block_type": "DiamondBlock"}, {"position": [6.0, 3.0, -1.0], "block_type": "DiamondBlock"}, {"position": [6.0, 3.0, 0.0], "block_type": "DiamondBlock"}, {"position": [6.0, 3.0, 2.0], "block_type": "DiamondBlock"}, {"position": [6.0, 3.0, 3.0], "block_type": "DiamondBlock"}, {"position": [6.0, 3.0, 4.0], "block_type": "DiamondBlock"}, {"position": [-7.0, 3.0, 7.0], "block_type": "DiamondBlock"}, {"position": [-6.0, 3.0, 7.0], "block_type": "DiamondBlock"}, {"position": [-5.0, 3.0, 7.0], "block_type": "DiamondBlock"}, {"position": [-4.0, 3.0, 7.0], "block_type": "DiamondBlock"}, {"position": [-3.0, 3.0, 7.0], "block_type": "DiamondBlock"}, {"position": [-1.0, 3.0, 7.0], "block_type": "DiamondBlock"}, {"position": [0.0, 3.0, 7.0], "block_type": "DiamondBlock"}, {"position": [1.0, 3.0, 7.0], "block_type": "DiamondBlock"}, {"position": [-2.0, 3.0, 7.0], "block_type": "DiamondBlock"}, {"position": [2.0, 3.0, 7.0], "block_type": "DiamondBlock"}, {"position": [3.0, 3.0, 7.0], "block_type": "DiamondBlock"}, {"position": [6.0, 3.0, 7.0], "block_type": "DiamondBlock"}, {"position": [6.0, 3.0, 6.0], "block_type": "DiamondBlock"}, {"position": [6.0, 3.0, 5.0], "block_type": "DiamondBlock"}, {"position": [5.0, 3.0, 7.0], "block_type": "DiamondBlock"}, {"position": [4.0, 3.0, 7.0], "block_type": "DiamondBlock"}, {"position": [6.0, 3.0, 1.0], "block_type": "DiamondBlock"}, {"position": [6.0, 3.0, -2.0], "block_type": "DiamondBlock"}, {"position": [6.0, 3.0, -5.0], "block_type": "DiamondBlock"}], "player_position": [-0.514826238155365, -3.0, -5.956238269805908], "world_size": [8, -4], "world_version": "3.5", "last_save_date": "2025-01-28", "creative": true, "health": 100, "hotbar": ["GlassVoxel", "DiamondBlock", "Voxel", "WhiteWoolVoxel", "ObsidianVoxel", "DiamondBlock", "Bedrock", null, null], "hotbaramounts": [44, 64, 19, 1, 11, 56, 1, 0, 0], "world_seed": 72021}